-5.99305
-2.57898
-16.46632
-11.21172
-17.76434
-14.8055
-6.65113
-2.05989
-6.60995
-6.04551
-16.13121
-6.03251
-9.82176
-6.27408
-12.12888
-7.53325
-10.36675
-7.94453
-15.35239
-10.87515
-11.26298
-4.7449
-5.28463
-1.64054
-6.623
-12.33815
-3.90196
-9.05404
-14.51712
-4.54659
-15.61443
-14.79324
-4.34239
-4.1374
-3.76594
-12.72015
-2.40143
-4.99197
-2.98859
-5.2451
-7.56726
-16.03089
-5.20315
-5.57171
-12.37516
-4.75524
-8.09182
-7.93069
-11.38312
-15.89787
-14.09529
-4.16103
-13.11405
-17.95945
-0.05369
-14.20772
-6.2031
-1.3154
-7.20517
-3.61745
-0.42531
-2.51346
-7.95773
-11.45335
-9.31564
-2.84713
-2.63962
-2.77461
-7.24996
-9.41479
-12.39591
-17.9395
-4.23927
-13.01403
-12.0658
-2.81734
-17.05948
-1.30283
-17.97549
-1.09496
-9.81435
-16.16179
-5.8651
-1.87458
-10.11469
-5.55556
-0.37147
-13.66739
-3.23191
-12.68573
-10.32592
-12.92821
-9.97179
-17.9084
-12.5381
-9.98471
-6.61968
-6.52749
-7.49186
-12.72543
-0.94672
-10.94454
-14.09591
-8.01877
-4.51928
-17.7798
-13.02581
-3.1504
-8.87362
-10.64721
-1.24378
-16.38837
-6.91974
-11.8406
-16.72518
-14.1526
-6.6972
-17.49102
-7.33952
-0.77669
-3.68827
-11.77925
-15.51226
-9.62884
-10.92689
-0.50881
-0.18238
-10.60948
-15.32189
-1.60903
-3.71624
-8.79706
-11.42362
-9.93302
-1.76614
-14.67642
-3.4779
-17.67257
-1.4297
-8.99465
-13.91854
-17.94858
-7.92816
-13.59922
-6.63724
-12.93895
-16.41557
-8.90907
-7.83926
-9.85338
-9.75536
-7.3863
-8.52564
-15.61378
-14.45246
-15.44776
-5.52068
-8.48523
-10.26261
-3.6299
-12.1357
-7.77408
-16.66066
-4.60073
-5.48654
-3.55717
-2.07943
-4.35549
-2.79918
-11.77822
-11.81993
-1.00259
-1.53766
-8.12705
-11.40194
-2.41197
-12.1786
-15.23457
-6.48913
-17.23281
-11.17617
-3.46205
-12.68611
-1.23632
-0.79516
-3.31531
-0.22242
-8.44625
-7.75441
-2.949
-9.12951
-10.67904
-6.93444
-6.16213
-4.48388
-5.97239
-4.57701
-5.85793
-9.35199
-15.57118
-3.86202
-17.44598
-0.135
-3.08775
-5.92361
-0.60108
-6.97553
-16.98421
-7.93112
-13.01032
-11.3494
-9.72747
-4.05719
-8.94727
-9.45575
-12.5645
-8.2823
-13.52896
-13.30211
-4.36934
-11.83415
-17.07481
-11.81381
-6.5057
-3.34826
-0.68514
-4.56803
-10.28067
-12.61585
-15.66666
-6.70164
-8.8221
-5.80137
-13.7316
-12.1744
-12.74228
-3.64227
-14.91786
-7.0475
-17.07561
-8.1085
-16.84955
-14.83422
-15.96554
-11.75894
-11.81283
-3.12445
-13.93763
-16.44504
-7.13679
-5.62589
-12.69317
-7.14935
-4.03098
-11.74405
-8.54363
-15.3606
-17.57436
-0.33538
-12.60484
-12.97976
-0.48159
-4.8918
-7.46464
-5.41218
-5.22132
-4.25995
-16.79059
-10.56903
-12.68765
-16.72975
-10.57322
-6.90888
-14.78704
-12.50952
-6.49493
-7.57216
-2.36186
-3.75784
-0.619
-7.25052
-5.42759
-2.51089
-2.88014
-5.06301
-8.99539
-13.08228
-2.21012
-4.0202
-2.91767
-15.46579
-12.33337
-10.35207
-2.90966
-1.92804
-12.87193
-5.64427
-16.59934
-10.62768
-9.23996
-4.21861
-1.9445
-11.9289
-8.5007
-6.34593
-12.08363
-0.26031
-2.23606
-12.66475
-8.85697
-13.84487
-8.73893
-5.70002
-16.46062
-2.33789
-7.31257
-0.18715
-17.53935
-3.03303
-3.74467
-15.60865
-11.9645
-2.07367
-8.66782
-10.77693
-1.70106
-16.3198
-9.48379
-6.25727
-7.04625
-13.24302
-7.86037
-5.24589
-7.47206
-5.67968
-13.39058
-3.00872
-9.90559
-0.22997
-17.58086
-11.15432
-14.75145
-7.99903
-13.62231
-4.7254
-2.12641
-14.20408
-15.1078
-2.24357
-11.49711
-10.17749
-14.02255
-10.34433
-13.8366
-6.01331
-9.02022
-3.81491
-12.37089
-8.89929
-13.32858
-1.17947
-8.60516
-14.87768
-13.09022
-16.50776
-17.49931
-8.53341
-11.93179
-0.65208
-14.91603
-3.70957
-12.31251
-13.97633
-0.54654
-3.55362
-6.64882
-5.45182
-0.15513
-7.32227
-16.16579
-16.83241
-6.00108
-6.16318
-4.53287
-16.04198
-0.99176
-8.07915
-6.308
-17.37266
-0.70246
-7.87335
-7.85946
-1.016
-1.2717
-14.03463
-1.24022
-4.74082
-17.65979
-13.68282
-10.56636
-7.5092
-5.37606
-14.21621
-2.93939
-2.77712
-6.57002
-1.42031
-3.36632
-14.01077
-3.62382
-0.84236
-15.52308
-0.38344
-17.55013
-8.60099
-4.06992
-3.77211
-4.77589
-8.47168
-6.28264
-5.40122
-9.09829
-7.27767
-2.76538
-12.36818
-8.58229
-17.84737
-5.62614
-14.48306
-9.34198
-14.21631
-17.57639
-9.30203
-10.353
-10.34731
-14.24149
-0.95032
-17.93687
-1.95218
-4.73577
-14.9027
-9.50054
-0.2007
-6.41343
-15.70722
-9.76244
-9.57234
-3.55926
-1.50907
-16.51965
-12.34733
-12.62811
-0.07113
-7.93391
-2.16303
-10.33141
-4.99098
-12.84146
-1.58785
-9.80737
-3.53294
-13.3953
-5.51512
-10.70715
-17.43409
-10.56585
-8.09961
-15.26829
-14.68956
-9.63247
-11.83087
-10.06667
-9.70511
-15.47863
-14.7385
-2.73302
-15.07106
-6.01354
-10.4665
-0.57174
-16.81012
-3.053
-9.15391
-17.90366
-13.25412
-10.66146
-12.34449
-11.47591
-1.49991
-11.50319
-10.46107
-4.29963
-3.711
-16.48639
-5.32674
-9.3137
-15.59063
-13.23521
-17.18936
-11.51573
-13.40268
-11.12214
-7.55387
-4.81789
-7.10366
-5.78921
-2.4185
-2.27116
-2.50705
-15.24296
-13.48076
-8.95814
-11.54269
-15.62996
-12.8205
-0.44228
-11.75532
-10.45955
-17.88477
-5.05053
-10.5561
-16.14348
-0.56598
-4.0062
-4.9293
-0.7583
-10.66536
-5.0664
-14.28826
-5.45183
-17.74658
-15.7265
-10.34534
-17.78233
-9.68461
-8.58975
-6.81108
-16.19304
-14.74179
-6.9609
-6.15262
-17.5338
-8.27339
-3.87033
-16.75618
-10.56289
-12.1228
-1.55402
-14.65556
-12.26951
-1.82799
-12.04824
-8.43575
-17.40536
-0.27176
-3.15096
-6.58078
-16.90641
-16.65234
-8.19047
-12.86884
-6.78979
-7.23254
-2.90427
-12.93521
-7.59846
-4.00746
-9.16609
-3.04841
-15.63703
-4.78984
-1.02632
-12.0261
-11.40594
-16.49611
-6.45313
-8.05589
-17.27378
-4.46018
-3.07288
-1.67185
-8.17679
-9.85356
-2.22953
-10.82346
-6.20202
-6.92348
-11.3011
-16.43598
-17.61452
-10.29172
-9.33837
-3.19179
-10.54059
-12.93912
-9.68226
-13.71617
-16.35551
-15.96523
-12.25522
-17.77182
-14.03634
-3.82458
-13.77689
-16.00687
-0.91655
-6.79554
-16.91953
-16.87961
-6.9818
-8.27768
-16.76925
-13.96232
-1.27723
-7.70381
-10.07414
-13.4972
-15.59344
-10.75263
-1.3974
-17.12319
-0.16238
-14.25937
-10.64219
-17.18908
-7.47392
-9.29601
-5.99927
-8.23179
-10.8328
-4.72038
-17.54962
-8.26148
-15.95023
-10.15185
-3.75974
-15.43571
-1.15541
-2.00692
-10.53171
-17.89245
-3.78459
-2.14388
-14.85471
-1.50854
-1.54625
-9.51676
-3.63537
-9.99094
-7.84717
-12.2429
-15.12955
-4.56234
-17.97493
-7.56805
-2.43565
-14.01701
-12.00781
-7.42525
-13.55634
-2.74524
-11.40114
-7.53095
-13.92982
-17.25505
-14.8734
-17.16842
-9.56513
-7.44053
-17.19585
-16.37132
-9.26055
-3.61476
-6.69583
-16.11522
-2.02424
-1.4859
-12.15078
-6.91168
-9.13811
-1.04357
-8.84253
-0.72062
-14.41183
-11.78034
-3.93579
-3.89501
-4.8207
-2.52699
-5.35417
-6.55047
-9.73935
-9.59242
-10.68909
-6.83619
-10.68005
-15.3451
-16.08247
-1.3595
-17.5547
-16.10159
-9.98451
-13.26733
-10.69472
-15.88595
-15.64368
-3.58816
-4.33604
-16.12345
-5.97977
-7.0324
-5.15947
-9.45992
-13.14024
-6.05377
-11.31557
-14.05885
-10.64468
-4.26114
-9.43572
-12.60244
-3.02636
-2.13041
-10.20149
-11.25562
-6.97142
-16.95646
-5.55618
-3.91882
-10.84605
-14.85691
-17.48127
-6.52958
-13.15812
-9.64999
-11.0456
-14.85207
-8.84936
-9.72732
-6.76534
-13.46607
-14.1365
-3.34179
-5.36054
-4.10028
-15.78078
-13.96729
-7.64043
-2.57038
-1.94194
-3.02562
-17.21884
-3.22417
-1.81636
-16.97852
-10.50694
-8.34101
-13.81049
-8.69966
-2.0528
-2.39503
-1.08293
-9.28602
-10.60979
-6.01582
-10.49831
-17.245
-5.04141
-12.94229
-17.11646
-17.62882
-1.2355
-13.46263
-9.93781
-0.88962
-9.58469
-16.58503
-8.06515
-16.41242
-16.28842
-2.67341
-12.79041
-5.78394
-8.83936
-13.99812
-8.67923
-16.75812
-11.75018
-8.58895
-13.8889
-6.11661
-17.06739
-9.27342
-5.13008
-10.26097
-2.25744
-6.62053
-0.74713
-12.88581
-1.10179
-7.07719
-4.58678
-1.7611
-8.07845
-2.48075
-8.24946
-7.21442
-9.98823
-15.37851
-8.03694
-0.40593
-3.83065
-4.54503
-6.42044
-11.73764
-14.94693
-13.95807
-17.8862
-5.87735
-3.3862
-13.1596
-16.34669
-11.95691
-12.74308
-9.88423
-13.24616
-11.88481
-1.66401
-11.97296
-3.86068
-6.73499
-11.92432
-3.27981
-7.28863
-17.84486
-16.76289
-4.45249
-9.9625
-10.70086
-15.37511
-15.16827
-3.64046
-3.07769
-7.91995
-12.6877
-1.21139
-6.76868
-3.66044
-17.94091
-9.89425
-2.32292
-11.9118
-4.92208
-6.16185
-15.26007
-4.05173
-15.97452
-4.89755
-0.16257
-0.75633
-3.59565
-8.37869
-5.85316
-4.89405
-17.84877
-16.15741
-7.25294
-17.88238
-1.6397
-9.18607
-13.36019
-10.91122
-2.68602
-1.31053
-15.90777
-3.99671
-7.59191
-7.46095
-3.96986
-13.9888
-8.44119
-12.25165
-16.29878
-16.10857
-15.54351
-6.9318
-16.09506
-7.73813
-7.41065
-1.72986
-6.72522
-0.25942
-17.44213
-5.32537
-17.52336
-4.8712
-11.0547
-6.99646
-12.42831
-15.13611
-4.97677
-1.71683
-14.69552
-1.42735
-15.47672
-4.75809
-0.72999
-15.34732
-10.16838
-11.92577
-11.0074
-4.44348
-6.0986
-0.56363
-14.66137
-8.2213
-9.91573
-1.46059
-17.80885
-0.19493
-9.36478
-6.74029
-11.51905
-2.65452
-7.88422
-6.0694
-6.31972
-11.44832
-16.63216
-3.46129
-12.78511
-2.71926
-7.04443
-11.63333
-7.30355
-6.38113
-5.2797
-3.19791
-15.12441
-1.0054
-10.60487
-2.51189
-14.03137
-17.47748
-7.67981
-12.15601
-0.27968
-16.11984
-17.14855
-17.18968
-14.09627
-7.57456
-8.89986
-11.69864
-16.40172
-13.79273
-14.68535
-4.578
-3.96097
-4.01375
-0.55727
-2.08372
-9.03951
-10.53115
-1.51617
-6.99795
-12.70082
-7.83965
-0.14131
-2.70954
-12.93697
-0.84682
-0.33368
-13.83899
-1.87934
-2.10235
-17.28444
-5.94559
-12.50495
-5.85697
-1.55594
-9.02197
-10.54057
-1.41244
-0.46593
-16.87975
-1.38873
-16.51017
-11.92885
-4.27367
-4.01333
-4.93521
-17.29598
-15.60661
-1.1481
-16.5337
-16.58617
-2.95837
-6.45722
-11.67019
-15.01721
-2.08493
-0.20632
-17.10051
-8.02596
-13.29654
-3.01704
-11.77068
-5.13667
-8.28858
-8.25258
-2.55601
-9.53272
-2.77921
-11.45832
-14.85391
-9.80141
-9.0296
-9.3891
-3.45005
-7.83578
-2.00801
-8.74466
-13.95513
-15.66907
-2.36947
-16.98889
-15.88303
-16.85415
-10.37278
-8.41292
-17.64225
-8.71945
-10.91233
-4.07439
-3.06078
-5.67059
-9.47708
-14.10933
-2.75193
-11.84996
-11.58675
-1.51179
-0.43925
-1.83364
-0.03177
-2.35964
-5.32156
-12.71125
-0.84677
-2.22072
-13.66656
-9.19508
-16.739
-0.84044
-7.69017
-13.58639
-12.73681
-0.34819
-6.91894
-10.4277
-9.00278
-16.2261
-16.64959
-7.33126
-8.78393
-11.53524
-7.80995
-16.69183
-1.00816
-12.71319
-16.70798
-14.94892
-16.28147
-14.78512
-10.49843
-4.71508
-13.09773
-10.15332
-1.28237
-12.67521
-3.69504
-15.1593
-14.79021
-9.78925
-13.78616
-1.74549
-17.08646
-7.24909
-7.12387
-16.81153
-4.81384
-9.55984
-4.98468
-3.11535
-12.18781
-9.27925
-13.30631
-14.37276
-17.98929
-0.65463
-10.06329
-17.76474
-17.83911
-12.80965
-17.74912
-11.25874
-16.86711
-17.29347
-5.95113
-1.67686
-10.63104
-2.93813
-17.47322
-4.00158
-16.8696
-2.90809
-2.11741
-3.85247
-3.22652
-7.89328
-13.23207
-6.42184
-10.08825
-17.90394
-9.41714
-6.27862
-17.75009
-6.81551
-6.25443
-15.15406
-10.24066
-0.64201
-2.08459
-10.60521
-11.70277
-15.76655
-17.3666
-12.64567
-1.0749
-0.74496
-3.37465
-11.68515
-15.41472
-7.2804
-6.36291
-10.35768
-5.55036
-4.55973
-3.90489
-8.95863
-3.75047
-17.54142
-5.75272
-13.75859
-13.13063
-16.35657
-14.53694
-0.14385
-10.52298
-1.30022
-15.06781
-14.32694
-7.95936
-11.70841
-6.40953
-10.40316
-3.39125
-10.23194
-7.69771
-12.22068
-5.32726
-6.21478
-10.85398
-13.03142
-6.94612
-1.02327
-15.61243
-3.6159
-8.22615
-8.53993
-0.68969
-7.09425
-3.05068
-8.73941
-13.50264
-5.49918
-1.38282
-2.85786
-14.42946
-12.296
-8.69615
-7.71114
-14.51135
-13.85978
-4.34104
-4.85429
-2.89424
-1.20726
-12.4513
-2.52729
-6.01179
-0.76013
-13.10267
-13.14591
-5.32272
-1.28861
-3.158
-4.91329
-11.02843
-5.08019
-3.58028
-4.44086
-5.81741
-17.15164
-6.12513
-9.3907
-0.69175
-7.07058
-7.05191
-0.10701
-16.31542
-13.02631
-6.19057
-12.32575
-11.7693
-1.93239
-7.57163
-16.14842
-12.40447
-16.63095
-7.98966
-14.88117
-2.57193
-7.60835
-16.93124
-12.58424
-6.90592
-11.96103
-8.76282
-1.63148
-11.69935
-11.95429
-3.24438
-12.26238
-16.59675
-14.74299
-0.9216
-1.20073
-13.95338
-8.03697
-15.52737
-5.8558
-14.6645
-17.10377
-3.15186
-12.14279
-16.0466
-2.98973
-4.27685
-5.69235
-1.59752
-9.19393
-15.69498
-16.89576
-12.26806
-16.43705
-8.36083
-17.73902
-10.01226
-14.78771
-11.37118
-5.84939
-11.68265
-11.85588
-0.16649
-5.06133
-8.75049
-7.57124
-6.83671
-17.55764
-16.55524
-6.31459
-11.43956
-17.00201
-12.64476
-15.6549
-1.50635
-14.34734
-15.41356
-6.72896
-8.60559
-7.63322
-10.15293
-9.59095
-3.98164
-14.0414
-10.86247
-0.75914
-14.58026
-12.71208
-14.5518
-17.63108
-13.14306
-17.16359
-15.21567
-11.47172
-17.62702
-4.44678
-3.6794
-10.59455
-0.27601
-5.77811
-4.61301
-14.53859
-2.92612
-0.98916
-13.74642
-5.64364
-4.55506
-12.50695
-9.44984
-16.2443
-14.88429
-16.89173
-7.91702
-6.74527
-1.50985
-8.24067
-13.309
-16.92948
-2.07085
-9.38055
-4.7282
-17.73631
-9.2135
-12.13699
-17.45404
-4.03789
-8.76777
-12.00276
-3.49563
-9.95538
-17.93704
-0.99994
-13.39771
-3.04964
-3.30452
-15.07727
-9.46795
-17.27642
-11.61807
-4.84238
-13.73275
-15.8917
-8.87178
-8.33425
-5.83508
-4.33552
-5.47543
-2.78258
-13.98768
-7.7442
-11.51828
-0.68198
-10.07497
-0.72515
-4.15682
-5.06765
-9.15185
-10.01919
-8.52213
-12.7146
-1.71882
-3.70205
-3.57487
-10.20324
-16.7204
-5.70461
-11.26056
-2.33225
-3.95391
-15.38409
-7.16912
-5.54015
-7.77352
-8.74724
-13.89846
-13.75368
-4.17585
-17.66358
-3.97962
-8.51762
-1.14799
-0.04821
-6.05728
-10.57937
-9.44845
-14.32412
-16.21378
-7.58226
-3.50109
-13.2882
-10.44625
-8.01407
-1.65784
-15.50464
-13.7361
-1.46645
-17.28836
-6.18992
-6.48853
-11.10142
-9.57304
-2.61148
-15.03032
-13.83179
-8.77769
-10.62458
-7.6613
-1.42489
-1.49216
-13.85967
-12.5614
-15.08276
-1.29977
-10.83845
-9.90531
-3.55247
-8.76648
-15.8444
-10.11872
-6.65057
-5.05424
-6.38367
-15.85475
-12.5218
-4.79584
-2.15658
-17.15064
-17.23988
-6.41872
-8.13517
-15.2039
-8.13075
-0.45923
-6.6438
-9.91546
-3.10442
-14.1692
-10.54212
-8.50018
-8.91828
-1.4225
-12.73197
-16.98293
-1.50521
-14.09278
-11.1775
-8.44395
-0.43415
-8.36517
-9.94062
-7.49451
-0.52545
-3.277
-14.95857
-3.54132
-2.86022
-5.56751
-6.1698
-10.06421
-6.44948
-4.72365
-15.78924
-13.36806
-14.50653
-2.85819
-5.75995
-9.88599
-3.131
-5.09794
-1.55532
-16.61747
-8.83517
-5.27854
-14.26512
-12.11173
-10.45843
-3.70214
-9.11563
-9.12834
-10.24402
-13.8854
-1.38471
-12.27958
-7.78562
-15.32196
-10.18362
-1.73154
-0.08163
-11.48847
-15.22817
-12.33987
-12.10965
-6.39884
-9.06918
-4.16772
-5.37654
-13.47644
-3.8834
-2.74569
-7.22898
-1.30198
-3.90693
-7.28287
-1.68901
-7.19355
-8.61856
-11.58735
-2.10846
-15.79091
-9.47695
-8.32656
-8.01452
-6.26598
-8.89568
-13.37727
-2.575
-6.16454
-2.55262
-13.03122
-6.53298
-5.14487
-11.09871
-3.37961
-17.95484
-7.29144
-6.95577
-8.39082
-6.65913
-14.98992
-5.67393
-11.9558
-9.86303
-12.00403
-9.46915
-6.81175
-2.90982
-9.29817
-12.18197
-9.21705
-5.60153
-11.75939
-10.54292
-7.86888
-12.70783
-14.23648
-15.47294
-11.65302
-17.12983
-7.49731
-14.83363
-11.20689
-13.15399
-6.65298
-2.69378
-6.60058
-8.23491
-5.95649
-17.46017
-15.7888
-16.29131
-16.23245
-13.31129
-8.42306
-15.93573
-1.16791
-2.62338
-0.5104
-17.235
-2.67476
-3.53279
-1.76209
-8.497
-3.818
-17.07684
-16.6342
-15.86642
-1.5338
-16.89895
-16.19731
-1.25261
-16.06693
-2.34439
-3.79313
-17.27492
-17.60675
-8.38101
-0.05084
-2.18106
-12.41954
-11.04643
-11.01769
-4.78478
-11.85961
-15.33965
-4.55207
-9.75572
-16.61798
-3.77906
-7.4644
-9.19135
-5.87982
-8.90338
-6.32844
-2.38521
-6.95674
-6.12719
-6.95059
-8.43876
-14.9045
-11.9578
-5.52404
-10.34143
-10.68968
-4.33315
-17.89976
-5.7781
-9.19392
-11.21827
-11.87034
-14.88824
-11.98346
-10.95447
-10.12592
-5.89859
-9.83572
-3.66688
-6.48472
-14.58725
-13.01088
-16.57351
-0.97701
-2.04209
-16.47367
-7.66663
-0.71277
-4.55143
-9.14738
-13.66015
-12.97733
-4.74772
-3.94965
-8.48352
-15.82292
-1.19037
-2.79427
-15.4703
-16.9789
-8.35438
-12.88543
-12.90151
-16.43001
-0.83905
-3.057
-15.95098
-2.22122
-5.70679
-12.14206
-2.31749
-7.2356
-2.72394
-9.55318
-8.98828
-12.76182
-11.02153
-7.78046
-0.95293
-7.19788
-15.34719
-17.87407
-2.68222
-11.44214
-12.33061
-3.58684
-0.98344
-4.53519
-14.87075
-10.95519
-4.33083
-1.67534
-0.0252
-8.7919
-3.19455
-17.16063
-12.85515
-11.31276
-0.44057
-17.93891
-12.45563
-1.25258
-12.47979
-13.9488
-4.85841
-4.5839
-9.5008
-0.95549
-14.35127
-1.55851
-4.40085
-11.37225
-3.47564
-15.60236
-15.64232
-1.26113
-16.29395
-17.92657
-10.99745
-16.13068
-2.46534
-1.39152
-9.31633
-10.34151
-8.29729
-13.9285
-12.63661
-16.18241
-9.9639
-6.98955
-1.25597
-4.69668
-4.98485
-12.45602
-2.01072
-0.9548
-1.21927
-17.30155
-7.12169
-6.42195
-12.68883
-0.13658
-12.75863
-14.10099
-9.28538
-12.18335
-1.36747
-10.07862
-10.61731
-6.73448
-16.53994
-4.37881
-4.16882
-9.46753
-0.79744
-7.5719
-5.48574
-1.36179
-6.00578
-10.22713
-17.55412
-4.89061
-0.63241
-9.53577
-11.88416
-8.65333
-4.88813
-17.98757
-2.03019
-2.04547
-8.25664
-15.79718
-5.9075
-15.51878
-8.86415
-16.31466
-7.39682
-12.27475
-3.04215
-3.60097
-0.02747
-13.36494
-16.88758
-10.02594
-16.49874
-14.78701
-7.2486
-7.34164
-17.22011
-10.02771
-8.45606
-13.17556
-2.30322
-15.10022
-13.42977
-15.1741
-15.90216
-2.17837
-12.99854
-4.99457
-10.29632
-6.55428
-1.29283
-2.79706
-16.75824
-2.78635
-9.86718
-11.69738
-5.89702
-0.89626
-16.30556
-4.17461
-14.33686
-11.15755
-2.27119
-8.17561
-16.78578
-8.85513
-3.78645
-8.48015
-14.99599
-9.98926
-1.36178
-6.15233
-4.86204
-3.85314
-16.36752
-7.53234
-11.23353
-15.49514
-14.35123
-3.93911
-15.0932
-12.37647
-12.87228
-17.12465
-9.68115
-4.21326
-17.60125
-15.97407
-5.03664
-7.31554
-5.12554
-13.85813
-3.53216
-9.36232
-7.01456
-16.34124
-14.30943
-4.07956
-13.96965
-16.33446
-7.25034
-8.13714
-7.05791
-6.8705
-8.99645
-9.11207
-1.36502
-8.39013
-6.8886
-13.19455
-2.32032
-17.56137
-7.96992
-11.09069
-7.12972
-11.5169
-5.08162
-17.63403
-10.69399
-3.03726
-13.49639
-17.05048
-9.06257
-0.4224
-16.84515
-16.73898
-7.2879
-13.49878
-10.61584
-3.05087
-14.42072
-5.0526
-8.91926
-1.71076
-0.48668
-9.27071
-7.47635
-4.57483
-12.26387
-13.91867
-0.63567
-10.21292
-17.97137
-2.92107
-7.20605
-14.96595
-17.45749
-12.75332
-1.29803
-1.19716
-12.40194
-2.95324
-10.04678
-6.22179
-11.98001
-8.71249
-12.71197
-16.89994
-15.49119
-12.76786
-0.42743
-0.6179
-3.10206
-13.81489
-10.05116
-10.08391
-11.03448
-17.19215
-8.37851
-16.68938
-3.56546
-5.55647
-11.65073
-6.35155
-13.80533
-13.2255
-12.3456
-3.65379
-14.20756
-7.86994
-14.39159
-12.86933
-13.76134
-6.38992
-8.51888
-5.01662
-14.04102
-17.83533
-5.75083
-15.93263
-13.56651
-12.49765
-4.55756
-6.73395
-14.68322
-7.23802
-5.25334
-10.99985
-13.57285
-5.77831
-7.00396
-16.59758
-5.99977
-9.20668
-4.43936
-14.56708
-13.3521
-8.22037
-9.3288
-11.04542
-4.5714
-7.83447
-5.21511
-15.24141
-4.87821
-9.69249
-17.39218
-13.77915
-17.53638
-9.77626
-12.13416
-0.22591
-2.36693
-3.13792
-8.9799
-3.47243
-13.19635
-7.90831
-10.92747
-14.91585
-16.69296
-7.95207
-16.2425
-5.07594
-1.41357
-15.08209
-9.52311
-4.70206
-12.83689
-1.42624
-2.00762
-16.13242
-17.5068
-0.42375
-0.78345
-10.39886
-17.08986
-6.86024
-12.71862
-1.13899
-3.69609
-6.30731
-12.87893
-5.37717
-12.79497
-17.32264
-8.84818
-9.20368
-4.26589
-2.41787
-11.61957
-9.90949
-9.53279
-12.16397
-4.61904
-8.60218
-1.5488
-6.29441
-14.18586
-15.03344
-11.29708
-11.75532
-10.67163
-14.69536
-0.39199
-15.37722
-6.25232
-17.76475
-10.6747
-12.4347
-11.12356
-9.03461
-7.19325
-7.4968
-6.64715
-2.79814
-2.03909
-4.72949
-16.57904
-0.69674
-0.94683
-5.18933
-8.6861
-13.48887
-4.38568
-2.19852
-6.02662
-6.67669
-14.52592
-11.55966
-4.98355
-17.69582
-6.45724
-4.19993
-11.97532
-16.62898
-3.25585
-15.44694
-11.32558
-5.26943
-3.29425
-2.47713
-8.45249
-9.43431
-2.73029
-7.86461
-7.58429
-10.18848
-11.28935
-9.35026
-11.43275
-11.81616
-0.11404
-11.94816
-13.38509
-11.62937
-7.36594
-1.60217
-3.81844
-2.83966
-2.53785
-1.43049
-13.76872
-9.74941
-11.06644
-11.12621
-6.25889
-10.76754
-6.90605
-11.11897
-12.39969
-11.64461
-3.53237
-7.18108
-0.46804
-3.01219
-9.25595
-13.63723
-5.86964
-4.92037
-9.64483
-13.8614
-7.96971
-13.43107
-1.08003
-6.68008
-12.74524
-14.11685
-5.09898
-5.25972
-7.25162
-6.94258
-7.13036
-11.51814
-1.12654
-9.37299
-17.6341
-11.7295
-15.65491
-11.45909
-7.05128
-17.59204
-2.33639
-7.01444
-12.68331
-12.39831
-9.61797
-13.53435
-17.92185
-17.52197
-11.56067
-15.76401
-17.59745
-2.53315
-13.06553
-8.94379
-14.77064
-17.15895
-4.59241
-15.75078
-17.5371
-7.42985
-17.75758
-10.14685
-12.80095
-12.25048
-17.92982
-0.64177
-8.69466
-7.69478
-6.0098
-3.64461
-7.05764
-4.28043
-9.92276
-11.31705
-3.18359
-2.42441
-15.51948
-8.23212
-5.69444
-16.49522
-1.26726
-8.63802
-6.38177
-14.79163
-13.24018
-15.82198
-13.24802
-9.13686
-2.99467
-8.39298
-13.59966
-17.19682
-6.80454
-10.43712
-0.28163
-3.96432
-3.44947
-17.77977
-3.99968
-14.49696
-7.45567
-9.94641
-7.71113
-15.59802
-9.77595
-17.335
-17.26201
-6.16071
-0.86943
-4.00693
-9.5552
-16.99433
-17.18964
-15.15794
-0.43541
-10.8241
-2.81867
-5.30744
-7.10228
-0.93913
-13.85259
-9.81199
-2.43499
-8.0683
-13.56399
-14.2395
-4.44814
-17.7698
-1.54454
-17.66848
-6.6422
-7.11454
-7.5886
-9.46183
-2.65625
-6.13201
-3.92648
-15.92061
-17.10182
-17.48649
-15.35029
-5.99386
-9.10761
-4.45946
-14.54885
-11.39467
-2.00704
-1.15714
-1.40888
-3.27051
-5.61175
-1.5538
-5.14473
-0.82915
-17.55381
-1.41044
-7.99667
-15.98764
-14.1316
-2.66113
-8.88989
-0.30928
-15.88444
-10.57494
-12.02626
-8.70956
-6.59812
-6.09067
-17.97667
-16.39871
-17.36885
-2.43722
-12.36074
-11.39286
-9.89332
-2.71252
-17.74501
-15.86487
-5.66706
-0.64993
-6.42984
-13.29978
-8.64244
-0.45035
-8.49462
-11.27686
-11.09834
-0.5934
-5.0595
-5.63089
-13.82302
-7.92928
-11.57859
-13.67637
-1.88006
-11.1032
-12.90983
-1.22903
-14.44776
-4.58091
-6.25055
-1.43128
-3.02315
-5.30469
-12.33771
-9.07976
-0.99908
-17.58235
-3.70203
-13.46741
-14.6697
-13.81996
-16.92448
-0.14436
-2.34236
-8.62099
-5.12814
-7.98128
-3.39158
-2.79423
-13.80977
-9.72454
-6.57274
-0.38807
-5.71159
-1.84257
-2.76998
-7.52286
-1.9142
-11.20641
-11.1729
-3.94262
-15.57821
-12.49515
-7.0457
-10.43882
-1.06697
-0.74689
-8.95354
-8.29689
-4.95671
-9.76923
-14.57823
-4.55455
-4.71985
-13.59034
-3.0075
-6.95431
-13.74657
-6.2633
-13.79503
-13.22581
-2.73583
-1.26915
-13.37611
-1.29508
-13.70162
-15.88919
-16.95197
-13.64196
-11.06556
-1.30413
-13.64116
-11.42162
-4.78519
-12.56267
-5.68137
-10.2226
-14.46399
-4.78694
-17.5133
-12.73797
-11.58873
-9.75207
-5.76235
-9.73071
-7.30217
-7.27598
-11.28111
-1.18852
-0.79463
-7.52668
-16.70956
-9.1597
-14.68045
-9.30214
-14.6073
-5.33061
-16.55228
-0.84053
-14.48323
-6.10819
-1.49468
-13.53805
-1.18266
-11.00386
-0.71045
-0.51545
-14.61456
-3.04043
-14.51842
-13.92407
-16.48572
-15.18233
-6.62006
-9.91345
-3.763
-12.02406
-0.56476
-17.10229
-16.86715
-5.37525
-2.0243
-3.681
-9.18329
-13.14646
-17.75787
-8.82987
-9.43855
-11.80357
-7.59469
-4.88134
-5.38401
-13.26145
-7.46453
-15.32206
-15.81117
-3.85459
-5.51257
-4.17728
-15.25568
-1.53687
-15.60399
-2.33933
-11.65717
-16.10219
-12.83816
-14.73394
-9.16795
-0.90458
-12.09832
-6.98222
-1.94902
-6.65867
-11.48042
-0.1649
-14.62656
-8.58139
-3.6593
-17.98832
-5.36322
-13.20302
-14.94492
-13.0645
-0.5973
-1.94517
-14.15242
-15.89352
-11.44525
-7.33794
-2.3914
-0.61038
-4.47924
-7.21787
-15.43802
-16.66749
-7.27152
-8.29685
-2.77041
-12.19309
-17.28556
-10.37325
-0.55472
-3.67965
-17.3921
-2.25578
-9.50959
-11.43418
-11.75869
-7.2874
-8.44921
-6.18071
-7.67445
-15.409
-13.36975
-2.86147
-6.06135
-9.92879
-14.71317
-17.86156
-12.38603
-17.01275
-9.31889
-3.20757
-12.86282
-2.74043
-5.31784
-15.74528
-6.39789
-15.26976
-6.21376
-15.43114
-10.9348
-7.8013
-17.09326
-15.24045
-12.23264
-9.67824
-2.54723
-14.62908
-11.74552
-9.43603
-12.67599
-6.73654
-13.38116
-4.09769
-8.90723
-16.44651
-6.71402
-7.75362
-11.90525
-17.79917
-14.38737
-10.69723
-14.40155
-7.60516
-5.17815
-2.59168
-6.35431
-5.59783
-7.04805
-0.26125
-13.30199
-13.20734
-15.72599
-9.25768
-16.26909
-13.13736
-9.31174
-0.76328
-0.65137
-4.61268
-10.9935
-2.4271
-2.2418
-1.61645
-6.47955
-14.36773
-16.36055
-1.53404
-17.00017
-12.67398
-9.23469
-17.60442
-1.67558
-12.83182
-17.48691
-0.11538
-12.39492
-2.21823
-9.83746
-6.06373
-13.66038
-8.94824
-13.36228
-0.88049
-16.90298
-13.05587
-1.92404
-9.35935
-7.19849
-6.26952
-16.7233
-17.6807
-1.11886
-13.11295
-11.15436
-5.72232
-13.74653
-4.80472
-9.75164
-2.58102
-12.98627
-14.3312
-3.02961
-12.12613
-10.58636
-3.71326
-6.55962
-10.04893
-13.50197
-4.24438
-14.75224
-1.29097
-15.29431
-3.51119
-10.36352
-14.65189
-10.75718
-14.01207
-15.55211
-13.6952
-2.38683
-16.09304
-0.49429
-17.91003
-6.15171
-2.58278
-1.18876
-15.40826
-5.43225
-16.06771
-11.65299
-4.82533
-11.77248
-12.35925
-15.91102
-16.80411
-15.925
-2.24145
-17.79843
-5.52841
-4.16476
-7.77801
-4.84604
-6.25915
-9.79995
-11.11121
-1.05602
-0.50512
-6.27711
-14.44862
-9.93782
-9.06233
-4.35654
-5.98001
-8.73334
-5.75344
-17.56698
-4.02056
-14.19062
-6.18464
-15.94848
-15.9397
-17.35816
-1.61581
-7.11794
-11.48469
-3.82
-6.73052
-6.83855
-9.23323
-17.85732
-13.34767
-16.03662
-6.07662
-13.52483
-9.897
-11.63825
-15.42242
-0.74934
-1.19845
-16.47705
-3.10742
-9.20927
-4.07275
-15.27917
-15.61907
-1.96636
-1.83925
-9.61358
-2.33716
-5.98574
-14.66982
-12.07882
-15.55091
-4.06892
-0.26549
-8.16519
-6.19444
-4.57033
-13.96334
-11.95198
-10.57822
-7.29741
-2.69113
-13.42434
-9.524
-4.47239
-16.42707
-8.76792
-15.40117
-8.29532
-4.17919
-13.73495
-2.70939
-11.97353
-14.56587
-9.62418
-2.23065
-16.7592
-12.10371
-6.24306
-11.56354
-16.72517
-12.02402
-3.22273
-0.57532
-17.28397
-7.75289
-16.10454
-5.75286
-17.85794
-17.73465
-4.01616
-16.66016
-12.50673
-0.75527
-0.26555
-15.09475
-7.90377
-7.93532
-9.85715
-1.3554
-4.42739
-4.23852
-13.14775
-10.18224
-9.22637
-12.61958
-16.29328
-15.72553
-14.74792
-14.33424
-13.63929
-13.40172
-9.79711
-8.82768
-12.44017
-1.66866
-8.04348
-3.82542
-1.36372
-15.06357
-10.29826
-10.20221
-11.6195
-17.83969
-3.3125
-15.99193
-0.08135
-4.08675
-7.55982
-15.21708
-8.72293
-13.30004
-13.45819
-3.06847
-11.1484
-9.88697
-2.82663
-16.41977
-7.29688
-7.59212
-10.34614
-3.06406
-1.02798
-9.62395
-9.78935
-8.96285
-4.98377
-5.97491
-13.98897
-16.84988
-0.91343
-13.30074
-6.50526
-3.08812
-12.59502
-6.5622
-16.0578
-0.54123
-16.95315
-10.11286
-8.33725
-3.77133
-15.81969
-10.06546
-12.60519
-12.38381
-3.98182
-17.9017
-4.51649
-3.41283
-1.77548
-6.71613
-11.9978
-10.30977
-0.54475
-2.13864
-9.65653
-1.02487
-3.18681
-1.78038
-5.70641
-2.56223
-1.94821
-16.3437
-0.62609
-11.99496
-10.08181
-3.74573
-6.03187
-1.92492
-10.78967
-11.28081
-17.4296
-9.67094
-4.96673
-12.57878
-9.67092
-14.05084
-4.08982
-16.91079
-5.30311
-11.17908
-17.25127
-2.63755
-9.22101
-7.21226
-4.82345
-6.20866
-4.84458
-4.27893
-7.39527
-11.41852
-13.62344
-1.74774
-0.54135
-11.56207
-15.97841
-13.99433
-5.92799
-14.8872
-3.9578
-1.38546
-0.65427
-17.83214
-0.75323
-4.6765
-16.4871
-10.52567
-5.39918
-0.77966
-15.04545
-15.7008
-9.49775
-0.57422
-0.51517
-13.89753
-12.25175
-1.65542
-4.77285
-0.4983
-1.92333
-14.12827
-4.32492
-17.12583
-3.27901
-7.17198
-0.79018
-0.71942
-17.08533
-15.11061
-9.28427
-2.16912
-3.33999
-0.64134
-6.87449
-13.38186
-17.54808
-13.98732
-5.84508
-1.32705
-12.22373
-2.23732
-10.89183
-12.45112
-8.8408
-10.03908
-1.5516
-9.57137
-13.00796
-2.83382
-0.02251
-6.33291
-13.4917
-13.70133
-16.96128
-16.60873
-1.5303
-16.26323
-9.28181
-5.43381
-2.69361
-14.91712
-10.11998
-13.47336
-13.39518
-12.53089
-7.43191
-17.70161
-10.64221
-14.63706
-0.59187
-7.51088
-2.37428
-14.47758
-3.41972
-10.53392
-14.8015
-4.29759
-4.2838
-0.07402
-3.94313
-15.38519
-12.19419
-9.86892
-15.72025
-3.8153
-8.51943
-0.99991
-7.39245
-8.58782
-16.71435
-15.31177
-2.70853
-0.16783
-10.52678
-3.41845
-6.70346
-0.73693
-13.71353
-8.19296
-10.64168
-8.24911
-13.16055
-9.04057
-6.75353
-16.53811
-4.62623
-5.28259
-2.15176
-10.33458
-16.88996
-9.6937
-15.52303
-6.34596
-17.15163
-11.26806
-16.50883
-17.9394
-0.70997
-0.06971
-8.00095
-13.69879
-1.60022
-1.38534
-2.61884
-8.20134
-16.65536
-16.4081
-1.86084
-2.23512
-10.18085
-12.09322
-6.40577
-3.47422
-4.82967
-6.91915
-13.8328
-13.27491
-4.96679
-3.55284
-15.90957
-14.62865
-5.75154
-10.99824
-7.86073
-6.93333
-4.02834
-3.49709
-12.95827
-8.25666
-15.77657
-2.84373
-2.78194
-12.6089
-15.10884
-16.73835
-7.65042
-16.35429
-5.74929
-5.79372
-6.94823
-2.22191
-11.19095
-1.75915
-17.33534
-15.97037
-10.5803
-7.30813
-17.41724
-7.78618
-12.46683
-2.03136
-8.40088
-7.41791
-0.97881
-4.24492
-10.11108
-9.41617
-6.33737
-14.39641
-16.40428
-12.39774
-3.98911
-13.36817
-15.64633
-14.05759
-5.77849
-6.94893
-5.61033
-12.20475
-1.78459
-9.86813
-8.75317
-0.92146
-0.37301
-6.09223
-0.99336
-8.25287
-12.46891
-12.32833
-7.93907
-7.10935
-10.08689
-2.09211
-10.31947
-13.07837
-17.85633
-0.52975
-3.16236
-6.91993
-3.05024
-3.41479
-1.22669
-11.05078
-8.01266
-16.2247
-0.62432
-0.26771
-3.79648
-9.82582
-9.0618
-10.1634
-12.72041
-8.49975
-17.03799
-0.14603
-10.3671
-1.3074
-4.96311
-12.78103
-14.00305
-0.07784
-4.10173
-13.50609
-16.78599
-5.4555
-12.5457
-14.01605
-4.77113
-5.7733
-9.33457
-1.03219
-5.76651
-1.91845
-14.57005
-12.66037
-16.11864
-12.51756
-0.50799
-0.66859
-4.31305
-8.62113
-3.94596
-8.03723
-17.93685
-8.97215
-7.21938
-13.21653
-14.34072
-13.07144
-6.7747
-15.37085
-5.03409
-10.39185
-11.63974
-3.46984
-8.89086
-11.18879
-2.19322
-11.37147
-2.53799
-8.92442
-14.25587
-6.96927
-12.86418
-15.35121
-16.44247
-13.64945
-4.74202
-2.91601
-2.48902
-13.13733
-6.10249
-13.85363
-6.79028
-2.0302
-17.26391
-0.26594
-3.11242
-4.29008
-5.55547
-4.13507
-0.09728
-4.13656
-11.67119
-6.94941
-11.93539
-0.53882
-1.79748
-7.78284
-3.93707
-1.62564
-13.6152
-7.56933
-9.32911
-4.11136
-11.17651
-5.23837
-10.74612
-16.00065
-16.07181
-15.85699
-17.41464
-8.40648
-5.90575
-15.71889
-6.98656
-7.24068
-15.35231
-10.72651
-4.40756
-17.69839
-15.35494
-0.07509
-4.79619
-9.64565
-6.66357
-2.76802
-2.83852
-12.15537
-9.15675
-6.51501
-16.70586
-0.97566
-10.21065
-11.32448
-1.67219
-15.87084
-17.29331
-5.66996
-11.06995
-4.23944
-16.7662
-11.09237
-13.76415
-4.68708
-13.91094
-9.75698
-3.2602
-1.52297
-4.9931
-10.27389
-7.70425
-5.58558
-2.25121
-2.00567
-1.24255
-3.4072
-15.35764
-4.54249
-3.33734
-2.19831
-1.3533
-8.83512
-6.20833
-17.82805
-7.6899
-9.48243
-0.67849
-1.76923
-3.64313
-16.9741
-10.76348
-5.47124
-17.46611
-13.75535
-2.02487
-15.66395
-17.07528
-7.54946
-0.96364
-2.97675
-0.45409
-4.43658
-10.12734
-0.9609
-10.3206
-11.6983
-9.93247
-3.34847
-1.48152
-11.56172
-9.67955
-1.83011
-17.15321
-3.89036
-9.82408
-11.22267
-9.95542
-10.46357
-4.38086
-1.29694
-9.1538
-3.01079
-4.825
-12.04775
-7.42835
-5.99732
-17.57701
-10.8728
-0.13251
-6.52938
-11.98361
-13.49957
-14.22933
-10.77045
-14.52122
-15.56665
-11.44686
-7.07401
-15.36481
-17.20182
-17.37661
-13.18708
-14.57762
-8.2934
-9.79704
-12.1542
-2.99623
-8.91095
-16.35246
-12.67624
-0.47989
-0.41441
-13.41591
-14.98975
-9.07761
-9.33363
-10.61752
-8.47157
-13.82048
-15.93127
-7.73169
-1.21324
-15.52051
-5.31333
-10.11786
-12.70842
-2.64403
-9.78315
-7.50038
-10.02499
-16.53751
-7.29172
-10.46086
-16.43838
-7.27539
-17.82232
-14.24663
-3.94075
-17.31731
-6.35972
-0.90527
-14.91854
-10.49199
-7.64104
-9.89251
-6.8332
-10.72624
-15.32693
-16.3972
-4.60002
-13.70477
-2.74589
-4.62551
-17.10984
-14.3782
-12.74413
-7.29932
-3.42311
-16.914
-13.50704
-11.22822
-14.69921
-8.18474
-9.39596
-12.30308
-8.69604
-11.59521
-11.82251
-13.22288
-8.27212
-10.00592
-14.46615
-17.76661
-15.28327
-17.22898
-10.23122
-13.94826
-10.4318
-12.0699
-8.31573
-4.9704
-9.37235
-16.88457
-17.68481
-14.16184
-10.35058
-17.19171
-12.10079
-2.03354
-16.37966
-0.9267
-2.57991
-3.02794
-2.45415
-16.5591
-15.27897
-15.5813
-15.99765
-12.1012
-3.0561
-13.46468
-13.60401
-5.834
-16.25535
-11.51496
-12.68233
-2.74858
-8.73898
-6.36348
-15.67738
-1.27947
-12.19586
-5.2769
-0.81673
-8.84432
-8.86437
-15.88951
-10.97504
-2.65563
-15.56808
-1.48493
-5.98843
-10.42272
-8.16303
-15.29106
-14.0853
-12.84465
-11.07277
-1.5206
-11.38376
-8.57097
-15.08353
-4.75248
-7.91494
-10.08167
-0.95064
-1.96828
-6.1288
-1.40738
-7.83393
-3.11513
-10.62972
-16.4386
-0.10533
-15.01863
-13.47282
-15.06414
-11.92537
-12.79296
-7.18016
-0.06372
-17.05484
-3.98802
-15.69615
-17.64297
-6.50562
-2.28033
-14.82663
-11.85095
-14.9625
-1.68286
-13.13351
-9.99517
-1.89466
-8.04835
-1.2087
-1.32389
-9.69118
-7.51711
-13.85434
-0.17036
-12.9903
-3.90047
-12.36656
-12.36524
-16.13047
-7.92188
-13.59302
-15.32889
-13.92
-13.48032
-8.9265
-11.05339
-16.64117
-8.35149
-3.82055
-7.66377
-0.45828
-16.2153
-3.21926
-8.89753
-8.61129
-8.6562
-12.14426
-12.15801
-6.6268
-17.19423
-7.40185
-4.95737
-11.58613
-14.08758
-14.15904
-16.52689
-16.38505
-14.99962
-17.65489
-13.20776
-12.48477
-0.08602
-0.14962
-14.63312
-14.16542
-9.14569
-15.32188
-8.92729
-10.81099
-12.15679
-3.19311
-3.09388
-0.21799
-13.98441
-2.01101
-8.31877
-7.35373
-1.86672
-1.03265
-4.9174
-11.73884
-9.18598
-6.92903
-3.08448
-6.15694
-11.42194
-10.47815
-17.09212
-1.36318
-16.41386
-7.56125
-2.31027
-10.42443
-3.59774
-3.53131
-16.92277
-10.58141
-5.56154
-10.39764
-8.18699
-7.29976
-15.27787
-10.58434
-17.48766
-15.30673
-8.77943
-7.67545
-15.36778
-4.39885
-11.28622
-1.4283
-11.02207
-15.3034
-4.35653
-7.77959
-11.03961
-11.59277
-15.28616
-11.86498
-17.47181
-8.95677
-1.85897
-3.68405
-17.48662
-2.13731
-9.85815
-14.56395
-4.45658
-12.18828
-13.44027
-15.09627
-9.24081
-16.31891
-3.85896
-9.52786
-9.95442
-17.96663
-3.27845
-9.12893
-10.0819
-4.29507
-16.86783
-11.39975
-7.63679
-9.7096
-14.7305
-12.61302
-12.59639
-0.14453
-12.12845
-14.30672
-3.19253
-10.41892
-10.01045
-8.12
-7.27759
-7.37
-17.379
-3.26084
-14.49265
-12.73784
-14.87827
-4.19262
-7.49416
-4.40467
-6.23883
-16.12514
-12.573
-8.86923
-12.51099
-14.26853
-2.34338
-4.53989
-11.78604
-4.22978
-6.7043
-17.93186
-11.15528
-12.77123
-14.07764
-13.47139
-1.03743
-9.24629
-2.74124
-14.14409
-14.86073
-2.00179
-9.07732
-1.88726
-16.86548
-1.50416
-10.52198
-15.20333
-5.69911
-3.65575
-17.14725
-0.23047
-5.45352
-12.21476
-15.27671
-10.93443
-14.02982
-9.10524
-3.92593
-6.11765
-10.15317
-15.85901
-0.77118
-13.13333
-12.99898
-6.38096
-4.13083
-0.28525
-0.55504
-1.55231
-10.16436
-14.99995
-7.47952
-17.68938
-14.46752
-17.95447
-14.75035
-9.45437
-10.92016
-11.35266
-3.04285
-5.85007
-1.14423
-9.98386
-13.09987
-15.79168
-5.90351
-2.84866
-14.69269
-2.18245
-8.52703
-15.40655
-6.42846
-8.63905
-17.4927
-10.81362
-3.87382
-8.00237
-12.92326
-1.28445
-13.71998
-13.45075
-11.61649
-1.89832
-8.86274
-5.72078
-0.42724
-3.90067
-14.8932
-3.80963
-4.52993
-13.81289
-12.1437
-5.21769
-13.70892
-14.25264
-5.33749
-2.14928
-16.6497
-9.97366
-7.07085
-5.82702
-0.06847
-5.71154
-6.83723
-0.18479
-16.90797
-16.66014
-7.90771
-11.54404
-16.25944
-12.48392
-5.86162
-2.14893
-16.30216
-8.27739
-12.66992
-5.98813
-8.10987
-1.3192
-17.32169
-9.53933
-14.53033
-8.33793
-2.63557
-1.5963
-10.83183
-3.38795
-12.95085
-17.88651
-2.6057
-15.85058
-17.683
-11.63164
-11.17116
-16.61004
-3.34471
-10.69933
-9.18137
-13.23675
-8.79288
-4.19883
-1.68871
-0.53047
-10.31897
-0.17939
-12.6908
-17.87443
-4.18289
-14.78816
-17.05581
-1.36784
-3.74741
-16.15203
-4.01562
-2.80801
-1.70457
-8.21351
-5.33858
-4.27969
-5.6045
-6.35699
-8.14393
-9.37448
-0.06975
-11.92391
-16.41116
-4.22933
-14.15116
-8.41152
-16.27557
-6.85289
-1.00787
-4.99132
-14.13837
-0.51952
-12.47244
-10.14093
-9.03389
-0.16706
-16.75995
-5.45889
-11.48524
-16.59014
-1.16943
-7.38255
-4.43668
-13.67306
-4.29226
-3.08744
-10.24507
-7.70478
-0.50629
-2.75887
-9.9927
-6.03767
-3.88383
-17.56208
-7.40941
-0.27848
-0.95075
-3.01607
-16.08815
-0.10725
-7.02831
-13.98765
-5.86316
-2.58258
-15.9781
-1.50411
-1.43632
-17.75764
-1.79426
-0.95728
-17.32155
-12.70501
-11.28406
-11.71997
-4.33794
-11.55412
-0.78158
-0.09013
-12.29726
-8.84159
-7.96129
-7.57075
-11.26424
-15.01212
-17.01791
-16.08572
-1.77676
-12.95325
-16.61719
-6.77647
-16.64447
-16.73905
-6.81173
-7.35489
-17.25341
-9.7114
-10.15617
-8.1596
-4.7188
-12.9096
-10.20995
-3.73063
-1.39398
-1.95619
-9.40264
-8.62442
-8.4761
-2.36312
-2.88109
-12.39241
-15.06871
-11.17846
-12.80869
-0.88595
-13.21352
-14.73828
-1.80938
-16.44339
-13.31521
-10.096
-7.28807
-12.10189
-9.06779
-14.42104
-7.66307
-10.6593
-2.71333
-10.51679
-10.01132
-7.34085
-15.78294
-15.17769
-3.77572
-13.07846
-5.67546
-16.24631
-3.20676
-0.21189
-11.27356
-8.90046
-10.03118
-1.90462
-17.82119
-6.23773
-6.25737
-11.11707
-14.05199
-13.68571
-3.59165
-16.81014
-7.85117
-12.47687
-13.22554
-8.89672
-1.83849
-6.87435
-3.80501
-7.18769
-5.44112
-10.21666
-1.33233
-8.9651
-8.06806
-8.55062
-12.3086
-13.83771
-16.67097
-5.07285
-12.79305
-10.99444
-1.44129
-7.80395
-16.25259
-3.60699
-13.38965
-8.05129
-8.82033
-13.71458
-15.91612
-14.19729
-16.24792
-13.0387
-0.04864
-10.76234
-2.45001
-8.1148
-6.0015
-15.18574
-13.05349
-8.81202
-2.13942
-17.22802
-8.87544
-17.08178
-9.77719
-6.68037
-4.59498
-15.50642
-15.00164
-9.53883
-0.03534
-11.59116
-10.30451
-10.21596
-16.54739
-4.0649
-13.44417
-5.33399
-9.44838
-6.98796
-17.02851
-1.98062
-13.61058
-5.93828
-3.63566
-8.2793
-11.92799
-0.39774
-12.98809
-0.92408
-15.18797
-10.994
-15.50708
-17.95967
-13.31535
-16.43021
-0.24578
-4.29024
-17.93331
-13.97436
-5.93776
-10.82606
-3.02683
-8.91251
-6.23427
-7.25333
-6.51296
-13.85822
-11.28079
-17.08867
-7.42254
-9.73335
-4.30711
-14.28512
-10.13738
-14.74658
-6.94837
-2.73546
-4.22202
-1.00444
-0.50894
-4.10339
-12.83749
-14.0533
-9.94412
-0.11009
-10.57198
-14.41677
-1.00183
-11.05348
-5.56382
-3.81325
-2.82319
-3.21695
-2.94756
-5.98224
-10.73104
-5.98884
-2.93878
-11.68844
-12.66286
-11.81327
-8.0769
-17.05601
-3.97853
-15.50066
-15.6089
-14.44214
-7.61531
-12.85977
-11.37437
-1.23032
-2.75036
-2.66057
-7.60245
-2.40361
-3.98582
-0.84174
-16.84137
-17.48291
-14.84946
-1.27647
-7.09983
-10.32997
-8.7712
-3.06712
-1.27602
-4.86542
-4.32274
-12.2332
-9.59337
-2.06622
-3.85319
-5.68312
-16.82556
-17.28887
-15.6526
-7.53496
-8.34504
-1.03157
-5.49433
-12.70849
-15.09307
-2.7084
-9.72677
-6.23755
-7.82742
-16.06579
-16.97295
-11.21367
-11.49209
-5.87163
-6.62039
-0.55906
-2.55421
-9.06151
-8.99954
-5.86567
-15.94637
-0.00197
-8.66145
-1.62171
-0.58759
-7.53043
-16.13972
-7.67978
-7.24244
-3.79452
-17.13187
-9.60632
-1.39014
-0.15662
-14.55511
-2.32922
-15.36749
-2.85886
-13.009
-0.72675
-5.48106
-10.81601
-12.94248
-13.76572
-5.74574
-1.87576
-4.41104
-2.97375
-3.93509
-0.37534
-4.35951
-14.21589
-3.75123
-12.20275
-0.0756
-11.21989
-12.72971
-13.69411
-6.14674
-16.03402
-0.83592
-12.70237
-12.68279
-17.17081
-13.57168
-10.45837
-11.34708
-13.08564
-17.26661
-12.58954
-3.99004
-10.10174
-12.76604
-12.51374
-8.02012
-12.55873
-6.64565
-0.18982
-17.25882
-14.96274
-14.77606
-9.95273
-17.25446
-9.40461
-1.27935
-17.79185
-11.4311
-4.30391
-15.2191
-16.60394
-6.64599
-17.82088
-3.56813
-16.79665
-8.56162
-4.6777
-13.6438
-16.13628
-14.83879
-2.6157
-5.29595
-14.43424
-5.10983
-5.24487
-0.04095
-10.95199
-2.43264
-9.96403
-1.84032
-16.35119
-14.84437
-2.70082
-3.25259
-12.50219
-7.25763
-11.11141
-17.81429
-17.53013
-17.02339
-7.3067
-12.9739
-15.40893
-1.05964
-15.81626
-5.86833
-1.90512
-15.05107
-14.13487
-7.67136
-8.84792
-8.62151
-8.01579
-0.90175
-17.03092
-4.31193
-13.81488
-11.2738
-16.39276
-9.97872
-3.52405
-16.22267
-13.03914
-11.28489
-16.12981
-4.2783
-3.83495
-2.95389
-7.48987
-8.8697
-13.27406
-6.20716
-9.99786
-0.52602
-0.57277
-1.70631
-11.5184
-11.3765
-2.65188
-4.87557
-5.3215
-12.967
-2.99972
-7.57043
-9.95642
-2.4224
-10.90422
-6.22934
-9.61371
-7.33072
-17.27016
-9.69993
-7.98316
-9.13105
-2.74661
-12.39977
-2.08662
-10.73768
-5.49852
-16.43899
-14.39723
-4.29901
-17.77808
-0.5665
-14.56868
-1.77653
-8.71299
-7.83764
-16.48563
-11.42606
-15.18806
-8.53323
-8.08682
-5.22599
-2.19099
-9.57276
-13.79951
-11.99571
-2.75238
-15.37446
-6.70939
-17.76445
-13.57795
-7.35465
-9.78458
-9.11611
-6.10988
-13.77745
-12.94551
-5.67975
-8.31075
-17.73744
-5.9341
-6.83834
-16.58506
-4.54465
-8.60217
-14.31455
-7.93159
-7.28175
-1.43786
-4.6414
-12.56536
-15.87361
-2.64269
-2.77078
-14.84442
-16.88164
-5.18644
-4.99353
-14.81141
-5.97219
-12.97937
-13.30889
-12.15868
-8.63287
-3.51983
-9.02441
-12.63523
-2.08846
-17.00838
-3.65235
-3.88113
-13.43616
-14.43069
-2.25539
-7.94032
-17.1718
-1.96501
-11.71789
-11.84118
-6.42082
-6.0964
-11.64031
-15.42098
-8.05914
-6.74678
-2.516
-9.28008
-6.37747
-17.02064
-1.89859
-12.11012
-6.62002
-1.51107
-3.41054
-6.52133
-5.33506
-1.42371
-3.38232
-7.02254
-6.14335
-15.34917
-9.53698
-12.58204
-10.22453
-6.07956
-15.31528
-17.68723
-10.85536
-12.20068
-10.43222
-1.23802
-5.27249
-12.10574
-14.77298
-6.86739
-6.16363
-9.29479
-14.17031
-17.48601
-13.21811
-9.77093
-3.81718
-2.63243
-10.56718
-3.66977
-0.11965
-5.10101
-4.88522
-1.62834
-11.91341
-17.7983
-0.23441
-9.17157
-3.8578
-3.37516
-10.8447
-8.25709
-8.28152
-14.03611
-15.8825
-8.2157
-15.83742
-11.7704
-14.6505
-5.27551
-2.30384
-7.59754
-10.6172
-0.06043
-17.61824
-12.52186
-12.98388
-11.58834
-13.84928
-13.24327
-13.36181
-8.89661
-10.96101
-6.49296
-8.74078
-14.69841
-3.41919
-9.50049
-15.24183
-14.99616
-3.65457
-5.34612
-8.8825
-12.49053
-9.7106
-6.5433
-2.17292
-7.99438
-13.01876
-17.23068
-14.84181
-6.2968
-15.11213
-9.33229
-5.41881
-12.45195
-5.95609
-7.5407
-10.0991
-1.84958
-5.54294
-11.50925
-3.52324
-4.71416
-3.74969
-6.46279
-11.17133
-11.72559
-6.22528
-15.6438
-3.24154
-11.33396
-6.6533
-9.01685
-8.65212
-4.71589
-6.71994
-13.49444
-16.66393
-2.87579
-2.07191
-15.03906
-12.42941
-12.91784
-1.12593
-14.31401
-15.00229
-14.72691
-4.86235
-2.01564
-10.91939
-15.55056
-7.457
-14.22117
-16.84527
-2.04784
-2.32486
-0.43362
-9.46791
-12.70798
-4.14389
-14.75109
-13.62074
-13.39771
-0.87085
-4.86319
-15.59349
-16.32877
-2.82933
-3.55906
-5.9221
-14.47019
-9.3549
-7.15093
-1.22152
-14.95037
-8.72196
-15.16047
-10.01071
-14.39757
-2.94865
-13.41475
-10.49212
-10.65982
-2.40669
-4.35965
-16.96364
-16.79243
-8.07845
-10.30106
-13.03948
-3.73282
-15.68457
-0.46698
-17.56615
-15.87185
-12.3963
-8.83532
-14.10955
-4.74813
-11.56425
-17.30631
-2.201
-1.01042
-6.86585
-3.48235
-15.81999
-13.16123
-12.14583
-0.70644
-8.77999
-17.86656
-11.15666
-17.86049
-13.7195
-9.8154
-12.17893
-17.41078
-15.90596
-8.08404
-5.47911
-10.71812
-4.83333
-15.06001
-15.80296
-2.88983
-11.89416
-10.21954
-0.94353
-10.36598
-17.93718
-1.11651
-17.74586
-6.07885
-12.18796
-9.53297
-8.14887
-10.64772
-4.06136
-1.24728
-16.44458
-3.59545
-15.68392
-16.55501
-0.79503
-9.19264
-15.25314
-7.74077
-13.26173
-9.64244
-6.75613
-2.35314
-17.94453
-14.14547
-16.26713
-16.25224
-0.97601
-1.15051
-4.51245
-6.42487
-2.73653
-16.94864
-15.84926
-12.29197
-3.01514
-9.49981
-8.93565
-13.87322
-6.32903
-2.01884
-12.06874
-6.85465
-12.02492
-3.73106
-9.45072
-11.88956
-10.43912
-16.3579
-2.40989
-0.75476
-9.40654
-14.01593
-6.03619
-9.85713
-13.4586
-17.3082
-1.98532
-3.65878
-3.07789
-10.08288
-4.4414
-7.53795
-11.25404
-2.83064
-0.02236
-1.81292
-4.02854
-4.54486
-6.29552
-2.63489
-9.12454
-14.72887
-4.1751
-1.44889
-11.85566
-3.9063
-13.07299
-1.0332
-5.6977
-7.75303
-3.96234
-3.36184
-1.93734
-1.77985
-17.05157
-15.78766
-3.1309
-0.97107
-12.46191
-17.84517
-12.19131
-11.10845
-4.3014
-17.14348
-14.17248
-1.90857
-15.21323
-4.33354
-11.49641
-6.07212
-16.67076
-12.84196
-10.35378
-2.57017
-7.85707
-17.18594
-3.5664
-17.01861
-1.1814
-14.18909
-9.21733
-16.69894
-7.88918
-9.04988
-10.61553
-17.35969
-2.17915
-3.55254
-6.60546
-7.69986
-5.49096
-15.40818
-1.2124
-12.87588
-6.18318
-7.0784
-6.54095
-2.17886
-12.6736
-4.51893
-7.22896
-16.63091
-10.54522
-2.91687
-12.32375
-9.31925
-9.20451
-6.87582
-2.08768
-14.87629
-8.9169
-10.36319
-12.67344
-1.44705
-17.85292
-15.80211
-4.7998
-13.25805
-4.98277
-3.01944
-13.41691
-14.545
-15.38459
-14.39841
-13.19066
-2.3625
-4.13992
-17.9668
-2.26586
-16.58138
-6.20522
-15.27345
-16.87904
-4.32413
-9.59034
-7.21687
-10.34365
-16.79091
-4.68687
-3.23368
-17.25443
-11.23709
-7.9683
-7.1067
-7.59325
-5.52707
-0.59731
-10.96944
-7.98078
-5.41658
-7.33637
-11.03848
-6.76657
-6.29799
-7.47057
-14.30801
-8.89234
-2.08158
-2.36517
-4.48582
-5.45048
-15.24098
-9.72964
-16.00288
-3.28888
-12.76122
-4.19641
-3.33758
-1.93507
-4.43106
-7.83488
-7.23267
-12.22952
-14.81407
-15.64855
-14.72358
-1.18887
-15.0402
-4.97273
-14.67669
-0.44478
-11.40148
-10.58154
-10.71879
-3.30373
-14.07077
-3.04155
-6.17294
-14.03496
-16.82266
-4.05013
-14.05867
-1.9968
-15.66387
-6.90544
-5.54097
-6.16136
-12.31146
-2.24058
-4.1435
-8.81629
-7.14073
-7.80532
-0.95943
-1.86456
-13.76105
-13.27032
-0.33411
-13.74191
-0.83737
-6.30443
-17.09803
-11.95691
-9.42923
-3.00433
-12.08546
-12.40959
-1.43526
-16.57738
-8.07262
-8.92369
-16.96797
-16.42033
-11.12459
-15.5851
-9.39471
-7.04
-5.55486
-8.16354
-11.16612
-15.66434
-13.54526
-10.45041
-1.36594
-14.35319
-10.5598
-4.81844
-5.30634
-0.61933
-14.56378
-17.70265
-12.19818
-15.30553
-8.12756
-1.82198
-5.61192
-15.55562
-15.91038
-1.5939
-9.22303
-1.37389
-4.74808
-0.11973
-2.3179
-10.54418
-4.3519
-9.51789
-13.8047
-13.66147
-10.8482
-15.99361
-14.80021
-8.98904
-0.8294
-7.60165
-10.64706
-13.63139
-14.47378
-6.14867
-2.73014
-10.82059
-8.08814
-5.27892
-16.95068
-11.68385
-4.86445
-5.67686
-17.03974
-13.71927
-5.76077
-13.11451
-3.34061
-17.46891
-14.57375
-12.93637
-1.34478
-3.66626
-2.08539
-10.07138
-3.19388
-2.63712
-10.80078
-0.09969
-2.6777
-0.46625
-2.40305
-4.02833
-1.01081
-10.44325
-3.9
-14.16796
-4.80971
-3.86364
-5.10256
-2.70336
-10.55996
-8.19417
-17.80799
-15.37104
-6.40451
-7.87829
-14.44801
-13.61763
-11.80652
-5.10454
-7.0251
-16.74772
-4.3211
-13.27213
-5.90833
-15.77947
-0.03742
-16.55397
-4.64879
-8.25605
-16.45309
-17.51741
-11.47202
-3.55997
-17.25928
-5.32082
-6.20323
-13.22032
-16.60514
-1.5242
-12.5937
-15.9951
-5.73269
-14.09974
-9.43865
-17.0927
-0.12629
-9.94282
-0.01602
-11.05785
-11.73865
-1.5377
-12.06961
-10.2239
-16.59401
-0.80168
-16.46728
-4.11867
-8.30492
-16.89471
-17.96933
-1.16003
-4.64088
-5.64415
-10.10598
-13.70495
-5.76246
-7.05058
-4.92584
-11.41573
-0.23537
-16.79384
-16.56537
-1.49623
-6.34128
-12.12599
-4.28485
-9.85008
-17.61981
-6.28013
-13.62399
-15.92397
-13.94508
-9.42916
-17.10258
-2.10326
-7.92148
-12.72607
-5.63391
-3.52374
-6.94936
-14.3551
-16.01481
-2.52181
-13.77563
-17.63852
-6.42776
-15.24806
-0.16254
-2.34485
-7.04798
-2.99042
-9.53036
-3.80725
-6.3624
-17.4844
-0.92236
-2.50345
-0.83867
-4.83541
-10.5829
-14.27427
-14.76007
-15.39151
-14.02903
-8.08855
-5.69259
-12.34698
-8.12255
-11.85745
-5.46282
-0.20725
-5.59769
-16.93745
-9.40977
-4.13303
-8.23965
-0.88087
-17.01411
-12.7592
-14.02707
-4.1828
-8.57172
-15.5098
-12.85932
-8.59213
-0.06968
-11.44274
-15.17713
-9.0528
-12.41665
-7.8126
-9.59921
-5.58918
-1.54277
-14.39074
-3.21876
-0.91322
-11.27503
-15.95407
-3.2056
-5.38028
-14.17118
-9.98598
-7.59614
-14.94263
-5.13157
-5.58211
-2.03172
-7.78909
-7.66237
-6.85103
-13.0719
-4.34509
-6.07501
-2.89538
-4.16545
-6.5057
-15.10394
-1.45535
-11.39018
-0.64263
-10.76633
-15.37311
-2.07288
-3.68894
-3.84667
-16.39061
-2.17296
-7.26479
-9.5336
-1.56291
-6.01126
-15.60545
-8.64833
-6.5409
-1.82609
-12.96191
-3.70379
-3.60337
-15.69511
-17.6898
-7.53463
-3.78938
-8.02025
-3.35975
-6.79854
-6.24074
-17.49322
-16.40523
-4.94947
-4.26882
-8.2408
-7.37703
-6.94141
-16.11016
-5.97765
-9.38754
-7.15459
-7.86345
-4.266
-12.26577
-11.27653
-10.95109
-4.27579
-10.23997
-14.81265
-0.30526
-9.11913
-16.03353
-5.93505
-4.69508
-8.99599
-6.36377
-14.89185
-11.3774
-15.08709
-11.02977
-7.86959
-10.03429
-7.32213
-8.96833
-12.27934
-15.41851
-13.45189
-14.38716
-5.2664
-3.2406
-5.03301
-6.41279
-12.45868
-5.20226
-7.1085
-17.15592
-1.66298
-16.56083
-8.95126
-8.76476
-2.93387
-1.56478
-1.08584
-7.7459
-5.77724
-16.40664
-9.21751
-1.83858
-9.79745
-16.74731
-14.38846
-10.26888
-13.72449
-10.93873
-12.00669
-12.25928
-16.35904
-2.11114
-5.53129
-6.77913
-7.08355
-10.86296
-3.18032
-1.25928
-17.89889
-16.57443
-5.85044
-13.7508
-1.58931
-5.98656
-11.37076
-10.52492
-5.56411
-15.46265
-2.09859
-17.91411
-0.37895
-14.98238
-4.642
-17.28136
-10.23428
-6.65435
-16.73591
-10.02072
-12.54354
-9.03161
-8.91762
-3.86583
-15.77692
-16.51105
-10.76598
-2.02464
-2.60515
-7.92013
-2.00207
-3.50382
-12.99709
-14.93809
-12.57918
-13.91188
-6.79106
-7.47182
-7.22813
-14.59254
-3.74647
-10.19473
-9.49587
-0.05469
-12.91911
-10.90552
-5.82366
-2.15257
-15.71794
-4.76918
-1.47095
-10.38736
-12.83892
-5.80073
-13.57067
-11.08278
-1.85556
-7.37401
-16.29041
-12.06544
-6.70923
-9.33304
-6.11389
-4.29405
-9.34893
-0.23487
-1.53587
-16.92167
-13.20424
-12.59022
-14.68277
-12.3837
-10.35323
-17.07208
-15.7086
-16.26757
-17.1663
-9.33305
-11.99154
-1.16195
-16.15031
-1.33136
-16.44218
-6.85409
-13.54085
-3.1175
-16.89345
-0.85485
-17.14937
-13.65996
-9.64467
-4.39096
-0.87997
-10.29524
-4.36842
-4.91107
-7.71896
-5.56345
-17.3148
-10.05161
-3.85451
-9.46402
-2.27692
-2.99452
-2.45797
-15.66006
-13.60546
-17.46725
-0.30959
-13.74951
-11.39232
-13.05132
-17.28371
-13.29736
-16.23248
-10.9029
-0.59717
-5.43128
-5.27579
-9.84283
-3.39653
-1.65088
-0.6921
-16.21818
-2.16641
-13.94851
-10.8492
-11.78141
-5.84766
-7.23736
-16.03611
-3.90919
-10.08638
-17.96001
-10.53894
-8.70603
-16.76026
-15.27957
-0.1157
-2.31848
-15.60011
-7.55443
-11.17362
-8.21267
-9.53037
-17.13332
-12.32243
-15.74063
-9.19857
-1.6683
-0.08041
-1.00344
-0.25745
-17.72557
-4.86995
-13.08692
-2.41888
-3.3528
-10.37386
-9.48131
-13.22835
-12.80153
-0.33886
-2.00065
-14.54636
-13.04056
-16.04434
-0.20033
-1.67022
-8.06224
-5.52792
-4.53696
-14.3314
-1.17601
-8.51863
-16.33587
-10.85251
-7.17036
-11.64918
-5.41432
-2.1231
-4.10594
-6.43216
-8.78117
-13.41966
-9.81097
-12.72685
-1.18758
-1.6684
-15.19513
-3.19284
-5.34754
-0.44619
-9.66048
-5.00086
-8.67809
-16.75079
-17.15823
-15.80199
-12.66856
-13.33596
-4.89012
-5.11339
-0.5149
-12.41297
-1.10786
-6.96869
-9.08444
-5.97886
-5.3504
-14.90528
-4.46912
-4.94689
-0.04442
-1.58494
-5.67612
-5.17745
-0.97226
-0.59079
-3.11463
-4.18692
-15.99542
-3.0542
-13.44248
-7.85188
-10.7033
-11.77907
-12.4155
-2.60231
-4.15555
-8.57792
-6.03935
-0.2785
-10.84437
-8.08019
-8.39657
-1.1525
-11.67188
-0.24741
-12.51544
-16.03967
-14.55528
-10.32802
-6.30439
-8.69715
-11.22699
-7.8834
-2.90149
-2.89924
-4.9279
-0.85593
-7.37632
-17.86216
-12.76327
-12.09199
-8.14813
-1.71199
-2.91393
-13.82089
-8.65098
-6.13532
-0.22479
-17.43655
-9.65021
-0.21404
-0.4103
-12.04692
-17.9997
-7.43878
-2.3951
-12.16265
-1.18314
-12.01136
-7.01638
-5.00317
-11.78252
-11.66028
-9.54009
-2.96598
-16.18469
-6.63337
-5.80774
-7.95829
-1.15491
-7.16417
-6.57762
-7.20432
-5.00366
-15.56263
-1.90303
-17.23514
-6.46661
-6.92134
-14.25382
-17.2672
-15.50096
-13.1099
-2.1221
-2.59678
-16.8506
-12.79318
-1.99231
-13.74014
-0.07262
-13.37688
-4.69596
-10.49293
-15.5476
-13.40722
-5.84787
-11.93298
-7.12569
-14.30044
-9.92554
-8.77958
-10.56988
-14.43748
-9.69204
-5.52779
-0.6317
-3.78861
-15.09353
-13.09137
-16.58117
-15.55831
-13.48771
-14.40851
-14.15431
-13.84614
-12.58778
-15.73945
-12.99897
-5.60859
-13.74478
-14.90691
-16.78148
-9.00051
-2.84431
-16.9377
-8.23813
-6.28886
-7.33569
-2.20278
-2.40488
-16.96846
-11.50301
-5.92506
-0.856
-3.51567
-14.82139
-12.97424
-4.25531
-9.51345
-8.14856
-7.03836
-16.14075
-2.59268
-2.46358
-9.57169
-6.71679
-6.12173
-14.58499
-15.97347
-17.62789
-1.56813
-11.77716
-16.45504
-9.6156
-16.63875
-16.46549
-9.20006
-8.84094
-7.55742
-6.18639
-5.97119
-10.20606
-6.4164
-12.51468
-10.05645
-10.92011
-12.07602
-13.70573
-16.58774
-8.89361
-8.32881
-11.94921
-0.43481
-7.9747
-1.99781
-7.73846
-14.58151
-0.45679
-2.06397
-9.51707
-13.62496
-13.99195
-3.49163
-16.75586
-6.51491
-6.47757
-14.71582
-5.31158
-5.30269
-11.69944
-9.29923
-3.01026
-8.58324
-6.87317
-10.57015
-15.30722
-0.0348
-8.43234
-11.94396
-5.15183
-6.82521
-13.80765
-2.21534
-16.72375
-7.09743
-9.39801
-12.27243
-3.12516
-6.18701
-4.32901
-10.53614
-1.03683
-11.79498
-8.44119
-1.1943
-16.5026
-16.04141
-0.10462
-0.51496
-4.10937
-9.28461
-8.8909
-13.37017
-10.21084
-10.23571
-17.35038
-9.84315
-9.3637
-6.0159
-8.70385
-2.48971
-11.38389
-10.62508
-7.71331
-14.35099
-10.91703
-5.64899
-10.58744
-1.6809
-6.92459
-15.23218
-9.226
-4.23398
-6.41979
-2.06526
-4.50031
-16.89095
-15.97477
-6.30452
-13.70866
-7.41897
-3.74008
-7.61523
-10.52121
-6.36713
-15.41485
-4.98226
-5.45355
-8.74074
-12.98136
-3.64385
-8.81009
-16.93482
-1.46497
-4.1811
-7.47351
-10.13714
-0.72181
-4.04963
-8.37012
-6.24323
-12.94649
-14.47711
-13.08025
-12.72355
-4.68471
-15.4789
-4.00343
-8.57888
-11.07768
-12.59287
-8.76239
-12.28467
-10.26986
-4.69772
-6.73203
-4.53632
-5.16647
-3.3287
-14.36958
-0.08779
-9.43613
-5.07181
-5.8005
-7.8093
-0.07531
-14.08831
-10.40888
-15.70085
-14.72696
-5.16665
-17.91283
-1.98323
-6.60268
-10.06371
-12.0355
-15.72707
-1.41187
-5.1782
-11.94493
-16.72315
-12.13771
-14.67658
-3.84708
-5.04722
-9.03311
-2.05486
-14.74775
-9.86462
-5.20883
-16.77956
-11.29181
-7.71003
-11.39754
-9.35642
-7.05387
-11.36897
-16.09174
-15.49
-8.51393
-14.85468
-1.98299
-2.98466
-11.71742
-3.04223
-8.40262
-15.13708
-6.94419
-5.76988
-16.48995
-12.33984
-17.90309
-12.30428
-11.96198
-6.65624
-14.41722
-17.45836
-12.31858
-3.13885
-10.81539
-10.52831
-9.5575
-4.4678
-9.35955
-16.35691
-14.2848
-14.61785
-8.85846
-17.46127
-12.8949
-7.07049
-11.61629
-5.26118
-10.95802
-0.37336
-0.62359
-3.60287
-0.82097
-14.31399
-4.48338
-12.21014
-4.9447
-11.26992
-12.79043
-0.74169
-14.22206
-4.34577
-5.8559
-12.5374
-9.74983
-15.42702
-1.41825
-0.57384
-4.81567
-2.71043
-16.51289
-11.08856
-12.0454
-7.83087
-14.6996
-7.85914
-6.22142
-15.61764
-15.62903
-17.36238
-4.30394
-12.04185
-13.94243
-3.9943
-15.4214
-10.3107
-4.59384
-7.67102
-8.028
-15.16566
-14.74321
-7.51394
-17.5758
-2.35588
-11.69153
-10.50091
-13.34822
-2.21992
-6.43493
-9.90165
-7.46444
-11.15335
-9.61952
-11.56262
-10.60785
-12.33042
-16.60246
-17.32777
-14.86609
-13.47052
-1.97151
-6.99752
-0.75065
-11.88636
-10.76872
-5.04444
-7.59776
-8.49816
-7.63985
-7.48556
-4.21667
-5.97452
-0.76834
-0.93667
-10.40539
-17.35699
-17.80065
-15.78252
-16.65185
-11.27941
-17.04826
-6.75155
-14.57686
-8.74862
-16.14458
-3.10088
-3.96074
-11.04323
-1.60932
-14.65739
-3.34914
-8.1746
-12.06756
-16.4815
-14.9164
-2.46847
-7.07605
-13.73228
-9.07465
-16.05894
-16.22084
-1.66024
-9.75859
-11.49179
-0.91671
-10.81799
-11.94764
-13.08625
-7.82887
-7.94861
-17.7085
-6.22688
-3.81047
-6.91264
-2.34201
-13.02451
-14.54437
-5.44899
-14.60594
-16.36011
-16.26093
-4.16892
-17.48273
-12.78978
-15.67464
-4.41162
-8.93712
-14.30114
-4.4926
-4.4934
-8.58559
-13.0347
-7.44701
-1.19646
-17.07055
-13.1949
-12.87055
-6.62739
-6.27904
-14.28632
-14.11019
-1.29217
-4.38662
-1.18315
-3.06607
-10.76188
-15.80566
-6.66809
-11.66416
-10.34258
-10.33416
-1.14265
-16.76048
-14.52413
-7.05703
-2.09235
-1.47703
-7.94353
-17.3779
-11.46814
-1.461
-9.00101
-4.92096
-13.15452
-17.54987
-7.58952
-2.97034
-0.17516
-2.76071
-8.0281
-7.0429
-3.16505
-17.64341
-0.8704
-8.43802
-0.86306
-4.23867
-15.25828
-15.02532
-11.63437
-13.24822
-10.09262
-7.12973
-10.14157
-16.98443
-0.43863
-10.3478
-2.68065
-16.66882
-3.41883
-14.87872
-5.77071
-6.08748
-1.62348
-12.22782
-16.03872
-2.43782
-12.0316
-13.81439
-9.24824
-15.36956
-12.65466
-11.06495
-13.0094
-9.89533
-11.07629
-4.05736
-1.46864
-16.18338
-3.18055
-1.22812
-5.64096
-0.06445
-11.96923
-3.05442
-5.87335
-12.17828
-5.31582
-8.82681
-14.59847
-14.87017
-5.15882
-5.18525
-8.44607
-8.97452
-14.75931
-10.27285
-2.31484
-2.61491
-6.10346
-0.04758
-1.92279
-15.38585
-10.81554
-15.62513
-9.61039
-4.02511
-15.1958
-2.1524
-7.75696
-4.519
-17.1872
-16.31091
-6.8245
-2.91255
-2.27043
-5.60935
-14.3831
-14.48961
-2.13547
-15.96176
-5.65072
-8.39688
-10.41444
-10.07398
-0.98627
-2.49402
-2.43029
-10.68087
-16.07434
-0.03889
-15.38382
-8.71952
-13.23685
-8.80663
-12.5112
-1.85604
-0.56985
-10.61884
-16.73659
-6.05995
-11.22074
-0.25256
-16.39125
-15.85572
-5.41038
-4.34431
-9.52026
-13.00924
-12.42342
-11.91649
-13.94492
-2.68843
-16.82861
-10.669
-4.54314
-17.93114
-2.19541
-5.28672
-16.67927
-1.89006
-9.22851
-6.25969
-2.1234
-2.13908
-10.64261
-13.72159
-13.36641
-4.21305
-1.27025
-16.69985
-17.72964
-3.18717
-11.04115
-13.02391
-14.60927
-11.76335
-0.51357
-0.41256
-12.03276
-0.65358
-12.60246
-2.61934
-14.18392
-3.12322
-11.63285
-14.47698
-1.17396
-14.14468
-0.14697
-16.04567
-17.81963
-2.32572
-7.44112
-10.41073
-16.52465
-7.65193
-10.91294
-9.29481
-6.65295
-6.4812
-0.70921
-6.20904
-11.89073
-12.06661
-9.4111
-13.3321
-11.2241
-2.84197
-2.52429
-6.69974
-7.50886
-10.3122
-6.55382
-3.49104
-4.71875
-17.36173
-4.83966
-5.04094
-16.21817
-15.29555
-3.81765
-7.93819
-3.21068
-14.67461
-17.44893
-15.08505
-9.85374
-8.58073
-2.56138
-5.10839
-0.17297
-16.58305
-15.65602
-16.4816
-8.30776
-13.19651
-5.69461
-15.61156
-16.14255
-9.71702
-11.23383
-3.07503
-2.92403
-15.88628
-3.37819
-7.84503
-8.93595
-16.29426
-4.68665
-16.92659
-13.00155
-16.28223
-8.44618
-6.38586
-1.96461
-4.79031
-0.70012
-4.3029
-12.63468
-8.14347
-9.75709
-7.81256
-7.70239
-5.36218
-16.50521
-4.55859
-15.41261
-17.52827
-8.6597
-7.53341
-17.37268
-8.72332
-8.37774
-17.05509
-5.19146
-14.21479
-3.69973
-12.4052
-9.39793
-1.94668
-3.48877
-3.92646
-15.11218
-17.13344
-7.09634
-10.60755
-1.63661
-11.70732
-10.61013
-8.53199
-3.66479
-13.17062
-1.04723
-8.28142
-2.86241
-8.53887
-4.10412
-17.07443
-3.61418
-8.56873
-9.91052
-15.99103
-4.65187
-15.63905
-14.53828
-15.72438
-17.88164
-6.08555
-13.12481
-15.30953
-12.2405
-9.01648
-8.93857
-11.39047
-9.09122
-10.30785
-3.19203
-17.46695
-2.37546
-13.60953
-5.00792
-10.70929
-12.70201
-6.92375
-4.16008
-9.90114
-9.60203
-16.94058
-1.36807
-2.75586
-10.83613
-4.23089
-12.36097
-4.85241
-8.69955
-9.7062
-16.98259
-0.62241
-2.92664
-3.71901
-12.51151
-12.78738
-7.68252
-2.76798
-1.17669
-13.15928
-7.06653
-4.96975
-13.92494
-10.66556
-14.62546
-5.41971
-2.45187
-2.20438
-5.9384
-11.75126
-6.10127
-2.4432
-6.73459
-10.56795
-1.44355
-2.9661
-2.11617
-1.74254
-10.91138
-2.5265
-7.73371
-17.31314
-6.55495
-9.52886
-13.04722
-0.5331
-17.00872
-0.97421
-15.13319
-11.21421
-10.48977
-4.84163
-14.11903
-0.25017
-4.51779
-3.78085
-16.08428
-9.42638
-0.97903
-13.13881
-15.38309
-9.2629
-1.25292
-9.23777
-10.71298
-6.2951
-1.13609
-17.11697
-15.23888
-15.61042
-16.46401
-12.56209
-13.87244
-8.12356
-12.10879
-10.70626
-1.04644
-15.1982
-11.00777
-13.37253
-8.11501
-4.74595
-3.29422
-8.72466
-2.6115
-3.86864
-15.17393
-13.58228
-5.90903
-0.45371
-11.22967
-13.86346
-2.35567
-14.40698
-5.44665
-17.38352
-17.65835
-9.8718
-6.18228
-15.43618
-4.25012
-15.68274
-8.39326
-12.45061
-4.45944
-3.5259
-16.81036
-14.53312
-1.93241
-10.51897
-9.41875
-14.97557
-0.09189
-1.38514
-17.96356
-8.08678
-2.29919
-10.2504
-10.13734
-11.17175
-17.48109
-3.7749
-9.77787
-8.44082
-13.39767
-3.88587
-3.71253
-8.04743
-1.7167
-15.91408
-3.84072
-7.94549
-13.84176
-15.61853
-12.58187
-2.58631
-3.82285
-6.38762
-16.37411
-0.81305
-12.50208
-7.074
-3.54417
-15.60859
-6.26046
-17.41867
-16.16779
-4.98341
-15.20852
-10.01688
-13.53001
-10.41787
-16.61004
-4.41179
-16.57726
-2.91754
-6.07304
-10.50146
-2.40324
-14.64964
-13.23784
-15.53177
-11.13176
-0.2388
-15.10151
-3.04242
-6.26616
-17.71535
-0.99198
-0.52036
-1.35179
-8.96869
-14.03325
-10.95724
-6.94455
-11.18095
-5.25291
-3.67964
-14.23093
-10.71105
-0.7606
-13.50348
-11.76395
-17.35811
-12.01741
-11.32323
-16.20296
-17.97404
-7.6427
-12.57252
-17.67917
-2.521
-7.48063
-14.91897
-2.42556
-13.43545
-13.90598
-1.89659
-14.76976
-2.17826
-3.54648
-12.424
-17.38085
-16.51368
-16.02849
-1.96562
-10.72735
-17.41446
-7.98213
-14.25614
-13.76773
-15.10485
-4.28361
-17.98897
-10.09829
-16.43632
-8.05726
-11.77214
-17.48967
-9.70246
-7.72946
-13.54223
-4.22079
-11.32112
-4.51176
-7.57772
-2.35344
-8.15535
-14.65871
-3.19336
-3.90537
-0.4976
-16.31553
-7.35784
-9.14996
-5.9243
-0.35676
-8.4191
-5.6567
-11.75016
-12.61853
-11.96466
-17.30506
-12.87467
-14.88696
-9.7663
-9.70515
-4.22586
-8.95875
-9.66453
-13.83073
-2.65536
-16.36198
-0.31867
-9.43065
-14.65223
-11.62209
-17.72334
-15.00259
-11.96388
-8.02052
-15.66934
-5.83266
-2.80302
-7.69789
-12.65577
-15.81494
-17.72037
-4.82756
-6.68737
-9.4269
-16.16408
-14.27355
-3.3269
-9.36267
-0.66901
-0.0005
-3.58727
-13.3527
-13.83993
-13.43458
-0.23787
-11.96387
-5.28396
-0.73768
-3.24727
-7.24313
-14.95862
-14.85111
-9.13638
-0.865
-1.71911
-15.00854
-12.82104
-7.4014
-9.40625
-15.85147
-11.35247
-0.81514
-0.87404
-7.93033
-6.5653
-14.00569
-4.64485
-17.05507
-14.02772
-17.89409
-11.05738
-2.6953
-0.31488
-5.98039
-4.5924
-13.27051
-8.63401
-4.7416
-9.04904
-16.40616
-4.66444
-14.04784
-16.24144
-9.39496
-16.65704
-6.67001
-6.47148
-13.37936
-0.63838
-3.15987
-16.02743
-4.52678
-11.64466
-4.49481
-3.58569
-15.27519
-6.08684
-2.47086
-12.17927
-16.55409
-17.50919
-16.01998
-17.92429
-12.11497
-12.61209
-16.01386
-6.27988
-0.14569
-1.78332
-13.44869
-4.14033
-1.13646
-1.68544
-2.07811
-3.84389
-12.72615
-16.49586
-9.21925
-17.01376
-0.02747
-11.55043
-0.74988
-4.08382
-10.59676
-15.87039
-13.73052
-5.8852
-3.06117
-0.37007
-15.62108
-15.19295
-17.23609
-13.31344
-3.22079
-14.43138
-8.13843
-9.96467
-12.13513
-6.86976
-8.95814
-11.97426
-5.60068
-12.96057
-6.4227
-0.76957
-4.87886
-10.46881
-4.54393
-3.43365
-12.13487
-5.30762
-10.18087
-3.2666
-12.6832
-1.12033
-7.65384
-11.64054
-10.45132
-11.73962
-15.36757
-16.76714
-12.20798
-9.74357
-11.4873
-17.74945
-7.57789
-15.3933
-14.2019
-15.82653
-8.63221
-16.28713
-13.38557
-9.86924
-14.98124
-9.96766
-11.83077
-2.50925
-3.69174
-0.12862
-8.47959
-7.64285
-0.96037
-10.80734
-7.99771
-11.17646
-8.17451
-16.5462
-3.89171
-0.26496
-16.81667
-3.58128
-13.64877
-14.44415
-5.51933
-17.20562
-9.66169
-17.974
-8.02091
-9.68253
-1.52131
-5.03511
-15.73189
-11.61828
-1.23156
-4.94399
-7.30305
-7.93671
-10.83423
-7.46637
-4.11004
-15.70432
-0.54305
-13.69143
-9.94063
-17.59112
-8.09377
-11.1264
-13.50439
-0.26056
-10.29346
-10.54267
-9.66414
-15.90923
-10.92427
-11.94472
-9.62776
-2.58082
-14.52986
-7.06069
-17.32253
-12.29773
-9.49216
-16.66298
-8.20858
-12.41414
-0.12942
-6.64255
-13.60485
-16.15188
-17.26704
-16.36608
-5.75893
-2.61014
-15.1788
-10.76158
-11.62376
-6.39867
-14.7118
-0.84025
-4.88599
-0.80871
-13.00735
-7.42112
-4.81918
-5.20279
-17.61577
-0.0308
-1.29492
-15.84446
-8.2158
-12.33798
-2.17991
-5.44465
-13.97669
-17.3905
-12.74865
-17.31353
-15.45641
-6.54952
-4.58847
-9.5757
-7.19482
-15.19407
-12.29769
-5.16809
-11.43196
-11.7214
-14.50813
-7.29315
-3.42831
-9.54999
-15.92029
-2.90939
-16.71485
-9.50891
-13.30061
-1.14627
-4.72422
-7.80464
-5.9804
-8.41091
-15.34318
-5.23622
-9.13187
-6.58243
-17.18637
-15.44337
-7.39133
-9.73028
-13.91627
-13.6663
-6.63015
-16.93859
-10.18335
-8.58414
-12.45343
-3.2301
-16.97815
-2.41591
-4.98127
-9.96742
-1.35959
-5.35971
-1.24118
-9.49338
-9.84648
-8.44663
-16.82232
-1.6471
-5.98109
-6.88346
-1.32366
-0.11453
-15.05892
-4.51805
-7.56099
-9.70205
-0.40297
-2.69527
-5.4585
-11.11183
-6.01127
-8.42951
-13.51137
-9.89314
-14.18018
-8.99243
-5.03571
-17.34037
-4.22317
-17.64011
-8.689
-7.67742
-4.29762
-4.30148
-10.4858
-16.80529
-5.517
-8.80225
-12.00495
-13.77227
-15.84435
-12.68744
-9.74719
-9.40303
-7.5107
-11.47557
-1.44184
-9.07435
-10.37295
-17.13298
-7.21773
-7.14836
-7.50079
-2.02326
-4.26779
-2.3867
-16.93039
-12.27372
-12.26319
-6.17319
-9.92493
-4.00549
-11.08025
-14.01106
-12.76288
-14.71554
-14.43793
-14.0969
-17.7103
-5.11042
-10.80716
-17.59192
-11.33986
-1.70337
-8.7976
-0.23846
-8.28073
-0.66962
-14.36759
-12.78117
-5.40054
-0.23721
-3.14465
-8.03331
-16.46725
-11.44118
-16.44434
-12.39694
-13.34174
-11.006
-2.92902
-15.29322
-12.49085
-13.29989
-12.66945
-11.50878
-13.60239
-1.03354
-10.43817
-15.94596
-9.58215
-14.68023
-14.10965
-12.86925
-15.75432
-5.01986
-3.74496
-10.90287
-5.59813
-10.99882
-15.04661
-10.85097
-7.97423
-17.2621
-6.21928
-4.63306
-2.52054
-16.15013
-17.99832
-16.68121
-1.3659
-4.22
-2.96216
-8.69375
-8.51904
-12.6269
-2.83045
-3.06415
-10.94092
-12.07319
-4.70928
-17.52897
-2.52092
-9.96754
-10.0558
-5.9566
-6.37651
-13.21247
-1.02099
-0.24606
-8.5322
-7.89515
-8.02228
-9.25583
-0.98663
-13.59446
-16.05675
-1.26815
-14.16531
-4.5152
-14.33028
-0.71665
-3.75981
-1.46307
-0.88227
-16.48036
-10.199
-6.33419
-3.55579
-13.65351
-1.53711
-14.02243
-2.40882
-8.77117
-8.7224
-11.2679
-16.13691
-11.75238
-10.31874
-9.37762
-4.69628
-11.66274
-10.68133
-1.69023
-4.45379
-17.5886
-3.3824
-0.18101
-1.08418
-2.95279
-6.67487
-12.99254
-6.22025
-5.47934
-12.93195
-13.40407
-10.85537
-6.45935
-12.72488
-7.998
-1.81373
-12.68819
-0.61247
-9.47974
-16.18365
-17.00929
-11.90386
-13.34234
-2.81316
-4.72251
-2.07817
-7.39344
-10.16177
-13.12978
-7.50404
-6.87555
-10.92694
-1.14128
-6.48082
-2.92534
-6.83297
-12.30234
-4.74086
-13.85542
-7.26103
-10.75741
-15.30207
-10.56167
-12.41495
-15.98
-3.17109
-9.02551
-11.76559
-8.91064
-4.4175
-17.67068
-8.15847
-9.37529
-1.92474
-7.99251
-15.52819
-11.0037
-6.82075
-17.17319
-2.07632
-16.77992
-17.44936
-17.96372
-5.6926
-9.79344
-16.14928
-2.58825
-14.35104
-12.12617
-14.80101
-1.31839
-4.3548
-4.96884
-17.20807
-8.59137
-7.64186
-11.11462
-12.20839
-2.66503
-17.5857
-6.74361
-10.90356
-6.01289
-14.43748
-13.70413
-7.43663
-0.36111
-0.4557
-13.51834
-16.15768
-7.37382
-10.44031
-4.28964
-8.49629
-8.80944
-6.36372
-15.72447
-5.81109
-9.20665
-3.23735
-15.50328
-12.58655
-0.89557
-8.04469
-1.27258
-5.59737
-1.32424
-12.27913
-16.37039
-3.55965
-3.51956
-6.86112
-7.56774
-1.53165
-14.82303
-6.90232
-17.10413
-15.46443
-10.1291
-3.21827
-4.80361
-0.46684
-17.19272
-11.13566
-15.14177
-17.3347
-13.24084
-13.59951
-10.4395
-15.47854
-9.20578
-1.43823
-4.5326
-2.84081
-3.51489
-10.98673
-5.2387
-4.42339
-14.29833
-2.51528
-9.76055
-17.70552
-6.41909
-5.81826
-8.06828
-14.17652
-9.319
-10.79771
-0.45565
-3.15579
-4.28581
-14.74067
-12.04128
-11.16519
-9.1327
-17.45596
-7.32583
-11.55858
-7.88981
-17.83839
-12.2142
-4.16401
-8.98053
-3.80003
-5.41871
-2.61143
-17.86602
-13.29614
-8.12157
-1.06167
-5.76378
-9.7814
-15.65746
-9.12212
-10.06043
-3.98802
-10.55972
-12.26091
-16.38505
-17.16298
-10.09558
-11.75648
-8.00416
-5.18529
-17.27988
-9.06809
-2.48451
-9.807
-8.61764
-9.23775
-10.98373
-16.01785
-15.72559
-14.77639
-3.73384
-13.04402
-0.93377
-3.41694
-5.67827
-5.03291
-17.14262
-7.76899
-1.06098
-17.29602
-12.7617
-17.07279
-7.74465
-15.90839
-9.3735
-5.04091
-15.04011
-4.40344
-16.91632
-15.30676
-12.95801
-3.67022
-2.69754
-14.03316
-16.27589
-2.73683
-6.31139
-15.1586
-7.9611
-2.29731
-16.74873
-16.49302
-13.07506
-6.25928
-14.79585
-3.30539
-4.49226
-7.90191
-15.91078
-0.21204
-9.17939
-9.86268
-0.07976
-2.45037
-9.78538
-10.46155
-16.27363
-1.32279
-2.81205
-12.41996
-4.44022
-4.27087
-13.89761
-6.9542
-13.40948
-3.78205
-15.23143
-5.95969
-12.13179
-17.34872
-15.77332
-6.21182
-13.68154
-6.64136
-10.5332
-5.53116
-9.12692
-12.44615
-15.37525
-11.86023
-6.57191
-4.67148
-15.11389
-6.0431
-14.77297
-14.00725
-8.43629
-12.79436
-6.09128
-0.79602
-15.31994
-7.73081
-1.38061
-14.82248
-11.39668
-15.7749
-6.44332
-5.95543
-6.04472
-8.24171
-4.5673
-17.35421
-0.76476
-14.00227
-15.81188
-1.05955
-3.05214
-4.23233
-16.11458
-3.46447
-7.03758
-4.82565
-0.39473
-14.50006
-8.92112
-4.43966
-10.19419
-17.01624
-15.9941
-7.16234
-12.86993
-15.51887
-11.88194
-14.38234
-17.56909
-15.26735
-2.1046
-17.78333
-4.07069
-4.4377
-7.84372
-14.24794
-2.19493
-9.44864
-14.88229
-10.27759
-14.49149
-11.23186
-9.05962
-11.52178
-6.1732
-1.15348
-11.73331
-11.59669
-4.71056
-8.44936
-10.28089
-3.35145
-1.96135
-7.36944
-14.66814
-9.60685
-8.92133
-10.22027
-13.27623
-9.49821
-9.96217
-14.22912
-1.73825
-2.06386
-4.3269
-10.78296
-11.33385
-5.10362
-7.05385
-7.18923
-15.76599
-6.87089
-1.76647
-16.4553
-11.89492
-8.83774
-5.65183
-16.38657
-2.28949
-17.27018
-2.56159
-17.50227
-15.23658
-3.59417
-2.51704
-0.31922
-15.91713
-8.52388
-16.6112
-15.18466
-14.85911
-16.85901
-1.92636
-15.7256
-6.67186
-6.73655
-14.42439
-0.0286
-11.74738
-1.7083
-0.93087
-0.9182
-4.44892
-13.43151
-15.8282
-7.74207
-11.5193
-3.0413
-4.59018
-13.02357
-17.69373
-13.72832
-7.79192
-16.57805
-6.15109
-5.90947
-14.95091
-7.26627
-7.07451
-9.39639
-0.84158
-16.05306
-10.68074
-2.10743
-11.04635
-10.35649
-5.97107
-6.01986
-17.58776
-9.79745
-11.99679
-6.70149
-7.99736
-6.28449
-6.23219
-13.41231
-13.56363
-11.33492
-13.64475
-5.70945
-7.14841
-14.10503
-2.08611
-9.70807
-15.71304
-14.16662
-8.28269
-11.90837
-2.67801
-9.09476
-1.52469
-16.16712
-5.96532
-2.05587
-12.72725
-15.55762
-9.78039
-0.69598
-6.59769
-6.40841
-5.91298
-17.2843
-9.9783
-16.6037
-12.31454
-3.21122
-6.18714
-0.07969
-14.90122
-10.85302
-3.42648
-14.11755
-15.23301
-10.30297
-11.09292
-0.35629
-9.78747
-2.50297
-2.01662
-15.15831
-5.12451
-13.00307
-16.2947
-2.25531
-12.73621
-11.78342
-12.1682
-14.39468
-10.17894
-10.29073
-10.64247
-1.50664
-11.88447
-17.45318
-14.78813
-5.01305
-7.36455
-0.86877
-5.50017
-14.50365
-15.8284
-8.62632
-6.02527
-15.01854
-7.16953
-2.42948
-4.90376
-6.04456
-3.79204
-16.12651
-14.33103
-17.31421
-15.3904
-1.56272
-14.00139
-6.08225
-5.55179
-6.38414
-8.02942
-9.24965
-10.44142
-1.49582
-17.82874
-17.03719
-9.13478
-12.05082
-10.65186
-0.03873
-4.04758
-2.20666
-11.36566
-13.68791
-4.17617
-3.46363
-8.10183
-1.87305
-0.58815
-9.52163
-13.992
-8.69196
-0.1884
-12.72732
-6.88321
-5.50829
-14.14928
-7.40774
-12.33887
-2.62423
-5.13444
-3.1272
-14.40572
-17.37766
-2.69054
-11.03842
-14.765
-16.34588
-8.70299
-15.2977
-7.79954
-4.90848
-8.36895
-1.7334
-15.19975
-9.10884
-15.06257
-2.23377
-1.21969
-10.80007
-12.49653
-12.97231
-2.52491
-5.71605
-2.14933
-15.8847
-9.4315
-5.82878
-1.85237
-11.12365
-12.36438
-1.56662
-17.1444
-9.36728
-9.74472
-15.37098
-10.8909
-4.9932
-11.39637
-12.42611
-3.92588
-0.20312
-3.97166
-2.76582
-1.08899
-3.5681
-0.35362
-4.54888
-6.09259
-5.51973
-1.79853
-5.70585
-4.29831
-14.11182
-1.57231
-9.95016
-15.10079
-3.60383
-11.58493
-14.68586
-13.38748
-17.37092
-16.36879
-7.33275
-2.40808
-9.92645
-6.73095
-3.4248
-11.57816
-6.22235
-11.69222
-6.43112
-14.08306
-0.39889
-16.6288
-8.90581
-12.84666
-7.18492
-10.29047
-12.48002
-13.49932
-14.71502
-3.90817
-14.0004
-4.07653
-9.26931
-16.6999
-15.02203
-1.92772
-7.14932
-14.682
-5.33223
-3.18129
-12.04824
-7.98129
-12.7179
-16.55889
-10.80884
-4.47422
-9.74375
-10.70516
-11.41187
-9.7395
-12.27188
-6.98068
-16.85581
-3.46701
-14.88299
-6.59799
-9.90211
-4.07712
-3.12948
-14.32439
-5.81078
-14.58166
-15.76803
-1.25467
-15.041
-13.89363
-15.65417
-9.53475
-1.44707
-13.247
-8.24666
-10.59374
-11.95183
-7.70125
-7.93993
-11.5314
-2.68986
-17.0429
-16.46571
-0.16594
-4.54171
-3.52928
-7.15138
-10.44251
-6.67392
-16.33348
-4.36015
-8.26663
-0.77883
-6.52545
-15.26953
-9.4041
-16.9592
-4.58227
-8.96703
-11.34624
-0.56611
-1.06923
-0.84902
-14.02254
-4.88575
-0.98312
-7.72434
-14.14511
-3.27938
-2.16147
-5.34176
-12.71605
-14.56751
-6.76314
-9.30959
-5.96191
-15.98941
-15.55356
-11.46799
-13.34231
-6.8519
-11.38427
-5.68853
-4.16163
-14.63098
-1.44317
-3.83112
-6.71795
-1.63928
-13.21436
-10.40916
-16.45583
-9.78873
-8.88479
-6.9108
-16.84729
-17.41561
-10.44198
-14.5956
-4.34181
-5.96275
-12.13511
-17.1759
-14.71601
-5.54977
-0.17703
-12.12371
-3.56407
-2.39226
-17.13274
-1.50801
-9.60835
-0.64364
-8.306
-13.76742
-0.45597
-13.62051
-2.11539
-14.88369
-5.85418
-10.59675
-0.50367
-14.67409
-10.6417
-6.48403
-0.40283
-12.53046
-10.85632
-9.68774
-13.45139
-3.28762
-16.34408
-5.31378
-8.38928
-13.64531
-9.12905
-3.06092
-9.98205
-15.80584
-17.26556
-3.99967
-12.0522
-1.2376
-6.89135
-10.14689
-7.83963
-9.77161
-1.6954
-9.75561
-16.12684
-7.25242
-6.78634
-4.22406
-1.20089
-10.02453
-11.66262
-9.16612
-1.79642
-0.36032
-0.51777
-13.86548
-9.05588
-13.32947
-11.37631
-17.42969
-15.10918
-10.85263
-11.43532
-12.98101
-13.85443
-4.5188
-12.69811
-5.28221
-11.36475
-3.56437
-14.9898
-15.16313
-5.7659
-1.53153
-15.42624
-16.67332
-1.17653
-15.88812
-13.4934
-1.2691
-3.54748
-11.83036
-0.8185
-7.77513
-16.69953
-5.3448
-8.32901
-7.69342
-0.10612
-15.25474
-6.17767
-9.74266
-13.10592
-5.51619
-5.97217
-2.58309
-2.18035
-7.88725
-12.13969
-8.46755
-11.53341
-13.00759
-8.07164
-6.15718
-7.36972
-0.82045
-12.62455
-11.29785
-5.98243
-7.19354
-17.96646
-12.37886
-13.43229
-2.88153
-2.40752
-12.88992
-16.16272
-14.30636
-14.82177
-13.72616
-13.77639
-9.3629
-12.24646
-7.92321
-11.80558
-3.33582
-0.88574
-10.72947
-17.10957
-13.68759
-16.16655
-11.79425
-6.38794
-8.65966
-13.62824
-4.18934
-15.63335
-13.89247
-5.83115
-14.44978
-5.78227
-0.41506
-3.03564
-15.11981
-8.63103
-10.39821
-0.14995
-0.64079
-15.71198
-1.64284
-14.51847
-12.24987
-11.63866
-12.8372
-2.64161
-12.06122
-3.29871
-0.10122
-2.86629
-11.76943
-5.19746
-8.38938
-3.84268
-15.24425
-6.51358
-4.074
-4.29784
-0.65533
-16.9486
-11.77597
-9.42204
-12.42426
-12.42379
-14.82969
-3.36687
-1.65476
-16.51811
-15.21182
-13.88785
-8.83823
-3.7589
-16.7138
-6.53737
-15.31196
-0.51377
-1.82208
-0.90751
-16.08905
-9.21535
-15.02556
-7.1936
-13.8107
-4.12864
-6.40795
-7.71112
-3.14591
-8.99509
-13.14267
-6.8273
-0.77287
-7.17913
-6.66685
-1.17449
-8.72505
-0.06557
-15.12608
-8.33328
-14.16778
-9.84013
-14.92967
-13.99448
-14.2056
-12.23944
-15.57711
-3.43184
-14.02784
-10.50176
-17.71097
-16.11213
-1.86711
-2.93112
-2.8634
-10.59564
-15.45245
-16.0579
-7.09915
-3.09252
-1.79794
-12.80283
-12.22152
-16.18422
-4.06062
-13.03758
-9.34327
-1.27985
-4.46012
-17.05072
-17.85322
-3.82666
-8.055
-5.03398
-15.17732
-2.30314
-4.08015
-1.9649
-11.86027
-13.03731
-15.26883
-1.25841
-14.81707
-15.85229
-14.53179
-4.11513
-1.98847
-3.40356
-7.86171
-0.11008
-16.76063
-2.39055
-10.30115
-9.8078
-15.70329
-17.39821
-12.30069
-14.85264
-9.2999
-15.34805
-15.5173
-2.21438
-1.4167
-0.64411
-5.75096
-4.1217
-2.95587
-6.1394
-12.05562
-15.18503
-13.72908
-2.87255
-5.47025
-9.79568
-17.47071
-13.20832
-4.87985
-8.77703
-10.16042
-12.35377
-7.07523
-0.60506
-1.77977
-17.45104
-9.34283
-12.06955
-8.80912
-7.08815
-14.39949
-3.93177
-9.44878
-0.14389
-17.54771
-14.58505
-5.58666
-5.48676
-7.52061
-0.50472
-10.52433
-10.49334
-1.61143
-8.30805
-11.6329
-5.05912
-6.84593
-12.48462
-12.63728
-10.87897
-16.71084
-1.0329
-14.70564
-14.51116
-6.35331
-4.96355
-4.73696
-11.24865
-2.28008
-8.20802
-10.10542
-3.41304
-13.6159
-2.51666
-8.30107
-1.79895
-14.37097
-1.15086
-5.61822
-6.87009
-10.40278
-0.78633
-10.00945
-9.02623
-3.93303
-12.87284
-12.75308
-4.04464
-15.68556
-3.18664
-6.74685
-8.29649
-13.87603
-3.84537
-3.51084
-9.30705
-10.99496
-13.56909
-4.42379
-6.48987
-14.28064
-3.69957
-2.1203
-16.93355
-4.09643
-2.64957
-0.15286
-13.72317
-11.32194
-0.60856
-16.30772
-8.57326
-8.8786
-7.08214
-12.04573
-1.33347
-13.1389
-6.30548
-9.07331
-13.19988
-14.60063
-0.78188
-7.89675
-7.12456
-3.90788
-16.53792
-5.15224
-15.02748
-4.67134
-15.45608
-3.01511
-5.74171
-11.05397
-11.54098
-15.31895
-1.72704
-15.86647
-9.50261
-13.74267
-0.0661
-7.45481
-15.30748
-5.98385
-0.15104
-7.10922
-9.76718
-12.72114
-16.34178
-13.89157
-8.03483
-4.43186
-2.19724
-3.71318
-15.74163
-4.07772
-7.53112
-9.55606
-7.69025
-17.85464
-16.78086
-8.53471
-14.87485
-8.18026
-11.62416
-1.66658
-0.9057
-0.36389
-1.81912
-0.25396
-5.28935
-0.71024
-6.44774
-3.43414
-15.62562
-5.71321
-1.24014
-8.27913
-14.63725
-8.51601
-5.27506
-4.14381
-8.57336
-14.08738
-1.3196
-4.07489
-13.12761
-3.38737
-11.73847
-12.37624
-2.46462
-2.28177
-10.82733
-17.83939
-14.64182
-1.63267
-1.82251
-9.83979
-12.5259
-12.55053
-1.85049
-12.1548
-8.79156
-4.8418
-14.22934
-13.4309
-11.55489
-6.22398
-3.28517
-8.1593
-15.60728
-9.96758
-15.70157
-16.41065
-7.3869
-0.78818
-2.92299
-4.05952
-4.91299
-1.8517
-4.44897
-6.71621
-11.43576
-16.18301
-9.7014
-1.35388
-7.5042
-14.67892
-6.31758
-9.62168
-1.23516
-15.10308
-5.18379
-5.73116
-0.29625
-7.83158
-2.31167
-17.55515
-15.78794
-11.77311
-6.85211
-9.91657
-14.35147
-7.39433
-7.79942
-8.55995
-16.36999
-1.31354
-7.3394
-13.24815
-5.62647
-12.27766
-8.89459
-11.85963
-2.15291
-0.10835
-15.09872
-17.57558
-14.05219
-7.38086
-14.86888
-3.39328
-10.64393
-7.01041
-9.79888
-1.7401
-17.36756
-4.87257
-6.2609
-6.30873
-10.54819
-17.71785
-5.59367
-3.06952
-16.46585
-10.05088
-15.07329
-7.00312
-3.85911
-5.99928
-12.27492
-15.48481
-3.70317
-12.1695
-17.60148
-7.71442
-13.55981
-2.85829
-15.42141
-10.17358
-13.44366
-5.58717
-8.12644
-3.76222
-9.74497
-17.91345
-14.12646
-0.01517
-10.70379
-6.83577
-1.71123
-17.63056
-6.12707
-12.80921
-12.97353
-13.95267
-3.19087
-11.28694
-16.7919
-16.25668
-15.32494
-1.8193
-10.30602
-1.51111
-3.28537
-2.91811
-12.83703
-13.11634
-7.91877
-10.47735
-8.83691
-17.04232
-0.51138
-16.95296
-14.78104
-5.79239
-15.20097
-16.07634
-15.23483
-16.88544
-13.47626
-13.11985
-9.0248
-10.10299
-9.47316
-6.91129
-13.84269
-15.57533
-2.18019
-6.58906
-16.90806
-0.70107
-5.52477
-15.26932
-0.55558
-11.42267
-0.27882
-16.14104
-15.12055
-6.16645
-17.60142
-17.66359
-3.74431
-14.97995
-1.46178
-10.33387
-2.27426
-10.48026
-8.45586
-12.30275
-6.15462
-12.27238
-13.98294
-16.54115
-16.96195
-12.49246
-4.74348
-14.29884
-12.61391
-1.70691
-6.49517
-1.445
-1.59793
-16.85861
-0.80983
-17.0788
-1.33886
-8.1588
-8.40259
-5.16125
-2.1742
-6.89392
-10.3428
-15.98599
-3.79423
-15.69072
-4.92541
-8.49735
-11.05495
-6.96625
-4.09759
-1.05949
-13.23546
-0.95166
-0.70294
-3.35465
-2.13413
-5.5363
-17.29625
-7.64859
-4.55032
-1.04934
-7.73187
-3.70439
-5.3093
-12.94555
-15.21489
-4.4837
-13.79217
-13.59555
-6.40897
-3.79677
-7.51802
-2.0703
-14.19402
-13.45654
-6.5348
-3.07137
-8.29167
-17.81313
-5.81502
-3.35552
-13.02221
-17.02443
-8.67686
-17.24121
-10.5117
-17.67928
-13.9506
-11.0012
-15.98929
-15.94519
-3.11289
-17.25437
-5.59861
-3.33932
-15.647
-14.48333
-6.45312
-12.31836
-9.42438
-2.95195
-15.5163
-6.84625
-1.03684
-16.9656
-16.91988
-8.01464
-0.71864
-14.03147
-12.04574
-16.22434
-11.47955
-17.20202
-10.99631
-8.00122
-0.44991
-3.26902
-3.20282
-13.8934
-16.42978
-7.14466
-8.61951
-8.70293
-16.03786
-9.11007
-15.2936
-10.40194
-16.88107
-2.57593
-17.76276
-1.09218
-2.46795
-4.45305
-0.31409
-17.03124
-6.45125
-2.71256
-15.72089
-7.47405
-10.90941
-10.15511
-1.57457
-8.30427
-16.32128
-1.13011
-14.6662
-1.93254
-0.52343
-2.19893
-5.81159
-4.61607
-5.40239
-9.71056
-13.06045
-12.86995
-4.83898
-6.73134
-7.47209
-6.25304
-4.05385
-4.52986
-16.10286
-11.46537
-13.24859
-8.3117
-16.89451
-4.27565
-16.08251
-13.11476
-3.91065
-17.07192
-6.11638
-1.35939
-6.88252
-5.17217
-3.7392
-13.99957
-7.54265
-12.43698
-13.50908
-14.53578
-7.46225
-3.69843
-2.234
-10.28545
-11.28782
-5.62848
-3.95353
-13.44025
-12.64876
-8.39892
-10.00106
-5.29582
-8.91927
-15.99122
-15.01284
-1.76564
-13.90683
-17.09845
-4.83382
-5.6878
-7.19863
-8.95939
-0.54755
-15.84302
-8.81707
-7.84719
-17.59513
-10.58414
-3.90956
-9.52022
-2.24499
-6.39362
-4.21046
-3.51936
-5.589
-4.51115
-5.48441
-8.09165
-7.80241
-14.58207
-3.10609
-12.38153
-8.35674
-13.50818
-5.47443
-0.44696
-3.56508
-6.85628
-7.78488
-9.18412
-14.31051
-11.73582
-10.68491
-0.99776
-10.33951
-7.44857
-1.39636
-8.66832
-13.4739
-11.14189
-11.24029
-5.13508
-12.66983
-4.85481
-1.99363
-11.95069
-15.56386
-6.50602
-11.50462
-8.38825
-6.58502
-10.66063
-1.3555
-10.80694
-12.46726
-2.05785
-15.54657
-15.76424
-1.15743
-14.23857
-15.32813
-8.36697
-17.15781
-6.83973
-9.84725
-6.47258
-12.88914
-1.7015
-13.12955
-6.52384
-0.98835
-10.78543
-15.09432
-16.76912
-0.66568
-4.25337
-1.45886
-5.42101
-11.83593
-15.7857
-1.27248
-9.18686
-10.86284
-7.59974
-16.08193
-12.43433
-6.51823
-16.19779
-15.56563
-8.80942
-6.77777
-14.63397
-17.40448
-0.7494
-17.50513
-17.96306
-12.17987
-13.99584
-7.67545
-1.90424
-9.34006
-4.08058
-1.63391
-14.59081
-9.2104
-6.44274
-12.0261
-4.68446
-5.30433
-10.4203
-16.41683
-17.79176
-11.35171
-16.52276
-3.93076
-11.98214
-6.01023
-11.76518
-3.67311
-2.00858
-2.92475
-9.27948
-16.48887
-11.3092
-10.35979
-0.71543
-7.82105
-6.46477
-3.92394
-7.77236
-7.22728
-13.5841
-16.9404
-5.01505
-2.72368
-10.584
-8.11954
-12.46887
-9.89603
-14.23998
-4.32204
-9.14559
-8.15118
-17.33241
-6.79683
-14.3522
-11.0989
-10.57112
-9.92281
-13.90614
-2.69802
-10.2987
-6.98158
-6.94912
-7.07428
-7.93228
-3.19274
-3.37288
-10.4914
-6.55477
-16.14907
-16.36609
-9.3615
-1.79633
-6.30001
-5.9541
-15.16188
-9.84052
-10.78576
-3.90639
-15.51917
-8.29456
-1.59567
-1.93572
-2.65793
-11.25026
-1.06019
-3.50459
-2.67946
-1.21763
-1.13398
-13.67883
-15.70162
-5.56425
-7.86215
-12.10632
-5.67991
-16.88406
-17.15025
-11.62241
-14.51076
-5.06599
-0.93561
-6.09071
-6.21388
-17.88128
-8.77901
-3.29218
-6.22583
-13.89992
-2.72745
-0.64122
-12.97813
-14.2723
-11.90652
-16.86315
-2.27821
-1.27261
-6.60055
-4.24197
-5.96429
-11.20762
-6.62324
-2.94624
-3.42167
-16.54096
-9.67318
-10.84821
-4.46384
-8.97523
-11.70538
-5.2857
-9.47559
-13.38077
-1.9725
-15.96514
-17.67442
-15.4096
-15.05442
-8.31524
-6.75242
-9.925
-14.32492
-15.62056
-9.14126
-7.8213
-12.5287
-14.03208
-16.54933
-17.5276
-16.09674
-4.64257
-11.80766
-17.50646
-8.85303
-8.35079
-10.2836
-16.00771
-4.41059
-5.59653
-10.89488
-11.14532
-15.19317
-4.43611
-7.20767
-16.45572
-11.19486
-1.7359
-9.85726
-12.15131
-6.41189
-14.3465
-8.57154
-5.94859
-2.61219
-5.53492
-11.08062
-4.1796
-1.8288
-9.40025
-17.91899
-2.14348
-15.02204
-15.72614
-12.46179
-11.16029
-3.61122
-10.9947
-17.12122
-6.55269
-5.91802
-3.34402
-10.82041
-16.45072
-8.04488
-15.82205
-17.69264
-3.9855
-10.73861
-8.54991
-6.06871
-10.7815
-17.07963
-13.45061
-14.50186
-0.40691
-4.6889
-9.8721
-16.85939
-15.91469
-3.36781
-0.98192
-17.4357
-1.61285
-11.14985
-14.15461
-16.15982
-4.10852
-9.55961
-3.01637
-13.92917
-5.78578
-15.87381
-16.38449
-15.5988
-3.43978
-6.19884
-15.01265
-11.0741
-4.25365
-12.85786
-1.41725
-1.53715
-8.04779
-6.62446
-6.24207
-13.34757
-11.42422
-15.55306
-1.35232
-4.97071
-17.16559
-8.11103
-11.82467
-3.32482
-11.8116
-6.4053
-15.01667
-7.9424
-12.71006
-15.03201
-6.85334
-6.50446
-0.29963
-5.95609
-8.71722
-1.57282
-3.09095
-8.12257
-8.79572
-1.04455
-6.89171
-5.15197
-16.43978
-5.0705
-13.23573
-15.92032
-2.70601
-5.55856
-10.66384
-10.2345
-14.45188
-17.82808
-11.71154
-15.32854
-10.40892
-2.99115
-15.93442
-16.34844
-1.76216
-4.58749
-17.04474
-16.56773
-5.67136
-11.3338
-4.96488
-10.71983
-0.57984
-5.5005
-17.16092
-12.05097
-7.85509
-15.44627
-17.95463
-16.57245
-8.56326
-6.61941
-16.32774
-6.02718
-6.89177
-1.08185
-2.86784
-1.02165
-0.61006
-10.06545
-9.21761
-12.9308
-8.84822
-15.28714
-5.91424
-17.55121
-13.7587
-14.25471
-1.118
-15.39177
-1.96604
-15.76155
-6.28744
-12.24205
-12.31196
-0.03112
-13.93123
-14.35392
-7.39197
-4.66646
-0.31492
-5.37455
-7.88632
-10.63563
-7.28797
-7.18497
-14.08119
-5.91825
-14.32037
-9.18081
-13.32235
-12.36958
-6.95021
-16.83927
-17.78337
-15.64884
-14.96327
-14.43829
-4.06924
-9.95656
-9.54115
-6.40199
-4.87604
-17.93685
-2.57894
-0.20817
-15.80747
-6.28055
-17.95655
-17.11747
-12.86998
-2.76473
-6.25498
-9.97522
-10.10523
-9.61104
-12.4014
-2.20114
-7.77836
-9.2889
-9.62862
-1.15512
-4.97409
-15.39334
-10.13454
-12.8093
-0.23636
-10.52288
-16.77834
-10.59818
-12.21569
-7.20751
-13.93059
-17.35247
-16.27415
-12.90334
-11.73019
-2.97989
-13.13875
-17.43313
-3.9468
-2.35948
-9.13849
-12.87131
-4.10148
-17.83983
-1.36749
-2.42043
-8.193
-13.00354
-17.40879
-0.00317
-4.28267
-11.90322
-17.6531
-6.49275
-0.23573
-5.27269
-16.49314
-10.75899
-16.0347
-1.58111
-12.05254
-4.79922
-16.47557
-15.68854
-5.76922
-2.81736
-14.3739
-10.46993
-6.85049
-3.66703
-6.69246
-16.28233
-8.22925
-2.07708
-2.37557
-7.46972
-0.07747
-16.10777
-9.38528
-4.04777
-15.46131
-0.4905
-11.62716
-11.69748
-14.1625
-12.81569
-7.6034
-10.27162
-14.51919
-3.43548
-16.87969
-2.97625
-13.0511
-9.07374
-11.14084
-7.72916
-3.67218
-0.19224
-12.49094
-8.03152
-9.61186
-0.01929
-3.43955
-10.85249
-9.41618
-13.57278
-4.40555
-2.78619
-0.63024
-7.81508
-5.92771
-9.97094
-7.03569
-11.72252
-4.7216
-17.59139
-17.48778
-5.10982
-1.24771
-6.61952
-4.92249
-3.16918
-11.48986
-16.05395
-1.20434
-1.10573
-10.04687
-14.09095
-1.93762
-5.24832
-17.85189
-16.06105
-0.30241
-17.31369
-12.91401
-8.12707
-14.6816
-13.82303
-11.64659
-13.14802
-3.53959
-8.99506
-12.98484
-12.36427
-17.28243
-17.11094
-5.07766
-15.9676
-9.43566
-2.83742
-11.36784
-11.77646
-2.28513
-2.43269
-2.15754
-7.70555
-0.85852
-3.25865
-10.51858
-6.66801
-15.8078
-8.07602
-13.26332
-12.89615
-15.73707
-11.55241
-9.33497
-7.19362
-12.51235
-3.73953
-8.62272
-6.51506
-12.99342
-3.34555
-6.76306
-2.47772
-15.12087
-11.14806
-15.96571
-14.12051
-10.89814
-1.89753
-7.97327
-12.05319
-4.55582
-17.64571
-11.33834
-7.18503
-7.50173
-7.06396
-14.19299
-11.93258
-1.23182
-0.46844
-12.38331
-6.39893
-13.65666
-11.36648
-3.73798
-8.97878
-2.70738
-6.68268
-6.67942
-17.39016
-4.50593
-0.3984
-9.48549
-15.14556
-0.4144
-12.77773
-10.63444
-16.6074
-16.00494
-14.10182
-8.12761
-7.95979
-7.08761
-7.49129
-9.08573
-3.56222
-1.18981
-13.1443
-15.65651
-10.34843
-17.5244
-2.10026
-13.68529
-8.11266
-15.92829
-8.04137
-17.29812
-4.16148
-0.80241
-12.47443
-13.35214
-9.93609
-6.84047
-14.59868
-3.54046
-14.42637
-17.90146
-8.56349
-15.92731
-5.4317
-14.98554
-3.28715
-9.53337
-7.807
-14.64147
-15.35961
-6.63674
-13.40171
-11.05334
-9.36992
-13.8666
-3.68237
-1.09036
-10.22592
-1.48413
-2.11171
-15.01115
-14.87912
-9.40671
-8.53457
-11.85966
-12.36742
-10.23539
-5.57137
-16.48091
-5.20952
-1.32768
-4.25688
-14.54982
-16.42534
-9.17315
-0.78469
-3.25693
-7.87079
-15.42633
-5.15094
-3.36603
-1.16876
-6.98191
-8.73962
-6.85472
-1.02145
-6.69371
-13.36335
-6.54927
-2.1646
-7.79396
-8.95142
-4.79935
-6.1022
-16.97962
-4.9444
-10.66411
-1.06383
-0.52555
-9.9227
-0.56169
-12.40523
-5.7124
-16.64902
-15.39019
-2.43853
-1.91189
-8.413
-11.88408
-9.88157
-2.34676
-14.20212
-12.69234
-3.86203
-1.16515
-16.32731
-3.5321
-6.38877
-13.84611
-4.39529
-4.89751
-15.44346
-8.95948
-4.35076
-14.55221
-9.67021
-15.82666
-12.47697
-14.07699
-8.90872
-15.45812
-11.10329
-13.04707
-4.57112
-5.40594
-16.29125
-0.83729
-4.59571
-6.91274
-9.40137
-14.7974
-0.68371
-17.85855
-5.53534
-8.866
-1.75353
-11.14745
-8.6644
-4.63789
-17.1438
-17.01945
-14.18989
-15.36436
-17.88402
-6.78618
-3.67312
-0.77193
-10.06379
-12.96503
-2.44976
-2.80088
-6.75282
-13.08332
-1.64668
-14.78878
-17.21436
-3.66087
-7.85414
-13.56358
-5.92388
-4.1991
-2.79817
-12.92173
-17.53943
-8.8193
-2.59059
-14.25922
-10.41974
-13.38443
-17.75947
-1.82657
-15.56904
-4.19819
-11.76114
-13.00173
-1.06148
-6.17041
-5.63539
-4.32625
-11.8632
-7.85404
-13.13598
-2.97825
-7.21247
-13.61868
-1.80435
-7.54488
-9.08945
-17.37922
-1.62356
-0.85907
-7.87322
-10.03476
-11.52783
-13.17514
-7.65847
-15.69429
-1.45488
-14.83274
-4.58076
-12.47602
-13.93072
-7.95835
-4.22775
-4.91874
-13.79239
-12.05096
-2.36102
-4.98161
-5.17151
-13.15971
-3.74392
-11.54848
-10.77497
-12.8239
-15.81498
-10.43292
-17.69509
-9.79362
-4.94988
-0.70659
-16.58496
-12.93677
-9.10564
-14.93302
-15.89709
-9.85827
-7.54685
-3.23626
-0.03954
-4.06313
-14.01587
-4.53639
-8.33123
-9.88543
-1.15689
-5.36233
-5.72952
-17.78839
-2.42871
-3.72059
-12.61905
-12.74196
-17.03739
-17.08458
-5.9653
-14.64772
-1.37614
-2.83672
-11.72007
-11.15877
-12.10902
-16.33689
-17.43426
-9.8616
-1.02528
-1.48951
-3.4229
-6.68529
-2.588
-8.72877
-14.75712
-5.68493
-1.42837
-17.64711
-13.47401
-13.22211
-16.21729
-13.9411
-11.08832
-1.08296
-2.51522
-0.97189
-15.82971
-17.49513
-16.0221
-1.54268
-15.1652
-7.69254
-13.90352
-17.62856
-16.47682
-5.22365
-14.7174
-13.87549
-11.20938
-6.16965
-9.5513
-0.99702
-10.18472
-14.41564
-8.34943
-9.88399
-3.83151
-1.16782
-2.94669
-10.99728
-14.10991
-1.5392
-11.05309
-4.13628
-0.18851
-7.60603
-9.36215
-5.40233
-14.50924
-9.21168
-12.37805
-15.0439
-7.01754
-7.63729
-4.29834
-2.28654
-14.03323
-3.96535
-11.38707
-6.6815
-2.69568
-13.38867
-7.1827
-9.35426
-3.76961
-5.44966
-4.14663
-12.81702
-5.32159
-7.09549
-9.77975
-11.18981
-12.0312
-17.82586
-14.94795
-16.93839
-2.72956
-2.5184
-2.76852
-3.27744
-14.01605
-9.14785
-1.65881
-4.32393
-17.96723
-9.73032
-17.80794
-12.9481
-10.15628
-1.92781
-6.22108
-11.47528
-9.16821
-3.28699
-12.6062
-6.92937
-13.27956
-9.36066
-17.55615
-2.65904
-17.12972
-13.96151
-11.99679
-6.7471
-5.0394
-16.55188
-17.21762
-3.61818
-5.181
-3.03209
-5.82231
-4.48178
-11.17731
-7.37668
-3.50294
-14.90188
-10.38919
-4.67118
-8.41254
-5.73017
-12.72835
-17.41784
-17.47538
-1.02994
-0.99828
-14.19692
-15.34562
-17.67348
-13.83738
-11.98167
-13.65763
-3.64709
-4.51025
-16.54175
-5.44821
-8.62947
-15.62101
-4.68836
-16.45118
-14.81129
-15.31392
-1.0974
-5.43319
-10.59685
-3.20033
-14.11273
-1.24032
-5.45405
-7.92755
-3.69633
-6.39394
-2.03203
-3.07525
-14.43905
-13.68605
-16.82825
-14.03642
-11.8172
-17.48111
-12.33067
-4.11217
-2.8741
-17.84028
-17.87135
-15.36647
-2.29361
-9.553
-0.30776
-2.02803
-1.97769
-15.68742
-9.44587
-0.11537
-15.3172
-7.6638
-11.80296
-11.01855
-1.96573
-7.41775
-4.34202
-5.88178
-8.47772
-3.7492
-0.52681
-0.59725
-3.78986
-9.22806
-15.06314
-17.19953
-13.83399
-11.87536
-15.66271
-13.95422
-16.49618
-8.57381
-15.72627
-4.63016
-12.0123
-5.90287
-2.11465
-16.4517
-0.19799
-6.38562
-17.03941
-12.34796
-2.04759
-7.2678
-12.83
-1.0711
-3.82945
-4.76031
-2.00831
-4.14396
-12.83871
-7.49005
-2.83885
-14.74473
-15.06558
-15.13843
-14.50341
-16.14185
-2.92268
-3.27027
-15.27536
-5.30033
-6.71444
-13.0285
-13.90737
-13.48945
-4.84865
-12.25229
-12.99673
-17.59534
-1.65174
-4.45133
-9.48989
-1.02732
-12.71642
-5.85531
-12.50729
-12.3377
-2.79523
-3.8336
-12.70607
-16.53499
-11.56349
-4.31896
-16.1902
-5.90218
-1.98426
-14.77391
-2.48032
-17.07545
-5.99616
-3.7613
-9.99421
-14.33288
-1.35487
-17.64056
-8.00872
-11.28871
-9.70097
-8.34183
-8.37452
-14.33477
-5.76536
-17.65533
-17.61869
-9.38723
-8.24575
-13.05199
-8.06984
-8.71003
-11.71403
-6.26806
-0.75713
-9.16555
-3.85109
-13.54326
-4.28489
-6.31969
-6.48544
-1.92536
-13.7997
-11.3679
-16.50479
-4.92984
-2.81039
-10.695
-11.57712
-6.14427
-16.63937
-12.71085
-11.40817
-8.66537
-9.42175
-14.24375
-8.26582
-1.33436
-17.51242
-5.75448
-6.75524
-1.36031
-6.38379
-6.75283
-4.1435
-13.17949
-7.27682
-8.65042
-10.10749
-16.56923
-12.73268
-12.96033
-4.96348
-1.42819
-13.84583
-16.65677
-0.00077
-5.5583
-2.04352
-15.41017
-3.58618
-3.36017
-15.2732
-15.09472
-12.68188
-14.09783
-0.44262
-11.46701
-4.29648
-3.50909
-11.05306
-5.71346
-16.0596
-10.85468
-0.58841
-14.96645
-11.0572
-3.77061
-6.02238
-6.63267
-2.64137
-17.47631
-4.11904
-2.11412
-17.70886
-7.93867
-11.72541
-17.08627
-10.48053
-6.40746
-1.45775
-6.83045
-2.57862
-15.81171
-14.21062
-0.53473
-2.02679
-13.76591
-6.82247
-11.47261
-9.56523
-2.50419
-4.75717
-13.70803
-12.31212
-12.78521
-3.94807
-9.17841
-0.88696
-3.29963
-14.1985
-3.85303
-8.89057
-13.43322
-11.46003
-0.50173
-9.28869
-5.04709
-9.41246
-11.31197
-3.66444
-2.73016
-16.706
-12.9784
-8.85832
-12.30304
-3.89551
-15.9348
-3.63963
-6.87804
-12.79138
-11.79982
-14.70782
-13.45368
-5.08916
-11.23409
-5.62529
-8.74606
-15.38464
-9.01673
-4.38354
-12.64184
-6.33453
-14.41741
-15.55742
-11.51593
-10.99434
-4.30183
-9.71858
-16.53777
-6.58801
-9.55344
-12.03042
-3.56006
-15.22107
-1.56218
-11.98689
-9.70305
-1.27381
-4.29768
-16.66256
-7.59066
-12.41347
-8.84721
-4.62656
-9.06889
-16.72161
-8.46035
-17.56567
-11.72863
-9.39545
-6.39588
-8.88828
-15.26496
-1.22008
-6.29461
-12.29458
-0.61309
-2.1136
-15.41718
-6.20228
-7.91875
-14.52944
-13.79745
-7.85207
-12.21681
-2.97303
-16.24069
-1.54745
-2.87005
-4.70478
-13.27379
-5.13076
-10.10214
-6.59236
-12.37402
-2.95456
-17.26963
-5.55372
-3.08464
-6.36429
-14.54415
-12.87035
-8.7317
-12.06992
-17.9115
-17.26779
-4.18017
-16.49327
-1.29561
-10.03074
-4.35264
-15.74092
-1.32287
-17.39144
-17.24153
-17.01746
-16.13865
-9.23703
-3.81102
-12.87094
-4.57602
-4.0669
-1.65101
-15.31167
-15.56038
-15.80229
-11.53241
-9.19057
-9.69103
-13.37312
-6.80437
-11.91107
-11.41051
-16.10046
-7.33984
-6.20495
-4.3569
-1.72783
-4.21192
-13.75661
-13.75821
-1.52843
-3.7776
-3.91956
-5.04515
-13.19036
-2.74661
-15.42808
-11.69968
-11.76346
-7.91762
-9.65802
-9.72345
-8.0357
-10.52247
-13.5003
-6.04583
-3.7686
-9.37807
-6.3093
-8.36346
-16.93806
-10.38448
-17.82266
-6.08617
-8.85309
-15.71703
-8.24055
-1.82833
-11.87117
-0.31736
-0.73116
-3.86442
-3.3516
-10.61018
-10.75426
-0.82085
-11.40847
-16.25629
-15.25138
-5.21282
-11.10634
-14.41183
-3.35185
-9.20388
-7.78246
-15.22891
-14.53042
-15.73459
-8.73823
-4.03817
-4.81887
-13.29785
-2.6721
-16.0981
-15.9471
-2.71252
-13.60045
-5.25391
-17.83657
-16.31518
-7.0328
-14.71651
-17.49215
-9.59496
-12.05063
-3.55938
-3.26108
-6.94038
-12.72539
-9.69072
-5.35939
-16.75245
-12.01505
-3.19735
-10.69149
-6.75598
-16.26598
-4.01317
-16.19162
-2.49255
-16.08118
-1.96393
-11.45214
-6.75845
-2.76209
-17.81565
-13.21752
-1.64991
-11.01283
-5.28523
-15.47978
-5.78931
-16.6831
-5.08815
-12.17151
-9.61474
-15.00732
-6.69872
-11.92378
-11.09925
-6.26053
-14.78049
-2.66384
-4.69284
-7.60086
-15.69
-5.63203
-17.67421
-3.52088
-12.53164
-15.89019
-15.0392
-0.66358
-4.07105
-13.7183
-0.65761
-15.47788
-4.79651
-6.17869
-3.21342
-11.12942
-10.76696
-6.75779
-10.8323
-17.25568
-4.86526
-6.46297
-10.37317
-12.54907
-12.22693
-4.66148
-4.8751
-3.25947
-4.28075
-4.357
-13.46808
-16.17097
-4.28846
-16.22488
-0.32199
-2.24839
-8.39769
-11.6607
-8.51683
-4.78257
-4.38606
-16.67401
-3.51263
-6.45305
-17.26957
-12.3631
-8.80846
-14.60787
-15.20567
-17.74294
-1.59209
-16.99006
-11.41179
-14.29611
-4.6614
-5.27068
-3.488
-6.89745
-7.35024
-10.67201
-6.54554
-15.9263
-5.67877
-16.12984
-2.48868
-8.89771
-8.45358
-7.47256
-4.03106
-9.38753
-10.30341
-12.81
-15.69529
-14.57383
-17.9905
-2.35041
-4.23075
-14.06372
-17.95698
-9.14191
-10.57368
-4.03188
-10.74788
-2.44597
-16.27491
-11.41455
-1.18906
-17.78887
-10.96579
-13.32534
-8.42651
-12.9822
-2.34166
-1.13151
-2.71558
-10.82578
-0.18119
-4.76935
-11.59904
-16.31353
-5.99316
-4.88579
-15.79574
-8.10475
-0.23242
-12.12764
-12.56589
-1.74056
-15.88651
-1.1965
-3.96923
-10.96487
-16.49614
-17.65486
-11.23504
-5.30364
-9.22447
-4.70427
-5.92972
-7.68767
-0.58502
-4.88908
-1.53696
-13.64111
-5.15449
-7.23955
-1.36267
-8.81185
-12.96646
-11.0729
-14.06106
-14.04049
-9.53241
-1.93376
-14.54635
-12.81834
-2.64621
-11.89339
-0.67656
-13.15944
-10.04142
-16.27902
-0.14084
-1.97744
-3.28388
-15.16784
-0.55155
-1.27528
-10.15791
-5.73053
-0.13575
-10.62459
-15.96518
-2.37998
-9.42327
-0.23455
-8.08393
-17.4694
-9.14891
-5.07488
-17.53146
-10.55792
-15.19992
-6.42426
-0.76777
-6.75747
-5.4922
-10.86187
-7.86346
-8.21056
-4.32709
-2.57559
-6.06805
-0.36344
-3.09081
-15.75636
-8.86544
-1.74175
-1.00917
-11.15629
-4.93733
-10.61018
-15.77413
-2.077
-1.22484
-8.91449
-17.67047
-3.31135
-9.41471
-16.64949
-14.59095
-15.26185
-5.64698
-12.61063
-15.70157
-1.48232
-0.78244
-15.50563
-13.85575
-7.34183
-15.29086
-15.14535
-11.94163
-0.91493
-0.67604
-2.84781
-5.47717
-5.02788
-9.54769
-8.45722
-6.57985
-4.83684
-16.25677
-13.95203
-0.66702
-11.96744
-13.16746
-10.4056
-12.76343
-16.35876
-14.2567
-6.47712
-13.98271
-6.34199
-16.19854
-17.24623
-2.49178
-4.31953
-6.0115
-17.44381
-13.69163
-3.37834
-15.39598
-3.36864
-7.4838
-4.67337
-6.39887
-10.49419
-12.74441
-5.89087
-3.47557
-17.19481
-11.16164
-11.68686
-7.92952
-15.94935
-1.19845
-8.12682
-1.37245
-3.29506
-14.5505
-15.6179
-2.4975
-8.3502
-17.64463
-1.18392
-9.48549
-12.58315
-8.70124
-3.18747
-16.01473
-11.53921
-12.2604
-2.88631
-3.98759
-10.79813
-6.03921
-10.89998
-7.71635
-0.15812
-8.35966
-0.20565
-4.55042
-15.827
-3.67261
-15.09686
-8.41809
-6.96159
-1.93985
-14.21236
-2.23304
-1.17911
-16.38923
-2.06487
-13.33476
-16.54198
-0.74566
-10.94034
-6.7863
-8.04828
-14.16273
-5.94782
-17.16993
-14.34429
-0.99605
-0.83686
-9.31221
-14.95671
-10.41084
-2.21273
-16.73507
-15.69837
-1.87825
-10.5231
-16.49775
-15.49424
-2.11593
-9.17814
-15.0661
-1.90692
-2.78498
-17.58558
-7.54218
-13.60194
-8.40356
-12.97317
-12.31423
-7.16665
-8.30053
-10.88654
-16.06378
-0.55037
-14.8571
-6.60389
-16.51059
-5.61037
-16.29288
-13.86885
-6.35427
-12.90717
-8.40869
-15.7589
-14.35679
-4.79203
-17.3675
-15.9876
-14.13079
-17.63657
-16.28318
-12.93495
-16.32749
-2.40985
-16.81067
-2.50229
-3.18852
-16.18629
-17.54656
-17.10014
-7.37319
-5.93363
-6.82824
-8.25342
-14.85569
-2.86283
-12.10401
-0.24879
-11.07256
-13.26591
-1.90349
-7.78655
-5.00669
-10.64882
-2.03552
-1.48095
-10.13816
-13.66697
-6.34192
-0.81748
-6.79596
-0.824
-11.81146
-1.52858
-15.9738
-11.54098
-9.09952
-6.24401
-12.70549
-1.36369
-1.73707
-3.61194
-15.94147
-16.59076
-9.03363
-4.22381
-15.78175
-6.45413
-8.4986
-4.93219
-10.16325
-5.52066
-15.12704
-14.1373
-1.73999
-12.07125
-0.2609
-17.16832
-9.07424
-12.15023
-0.07263
-0.17937
-13.76562
-13.18938
-4.5059
-1.98586
-6.05345
-2.43524
-16.86074
-6.47049
-5.39692
-14.57426
-3.99654
-1.00323
-1.8366
-13.59059
-12.16813
-9.007
-15.1495
-0.82884
-15.09126
-4.29439
-11.85429
-7.67303
-17.15087
-14.30979
-10.00096
-5.81056
-4.00389
-17.45747
-15.25518
-4.86375
-3.365
-13.74171
-13.86625
-16.41547
-15.29471
-17.85571
-7.38304
-1.72996
-15.30763
-4.47401
-7.67414
-1.08141
-3.63379
-2.65088
-6.49544
-3.39595
-11.68435
-14.23768
-1.57464
-4.78195
-16.36735
-2.39563
-11.71973
-12.631
-6.78036
-7.76522
-8.31138
-13.41221
-0.72407
-0.89782
-17.92508
-11.9191
-17.18012
-2.69552
-2.04267
-8.67063
-2.8858
-5.33951
-9.00767
-11.45139
-13.20795
-13.33028
-7.88284
-14.99744
-14.85375
-17.81292
-6.96009
-0.1018
-1.99405
-5.29758
-3.86054
-10.49665
-12.63457
-11.36469
-16.5344
-6.59169
-14.85243
-4.26819
-14.58042
-13.89377
-0.7685
-16.10287
-9.02083
-16.87164
-16.37296
-6.59699
-6.64691
-14.52383
-2.29524
-5.36063
-12.58901
-13.52904
-4.42287
-4.79477
-15.32103
-11.71462
-14.09981
-12.7054
-12.82385
-0.43157
-4.4962
-3.95906
-13.00638
-17.99051
-16.95317
-8.046
-12.86134
-14.52682
-17.10646
-2.23413
-7.19771
-16.06728
-4.20473
-4.39514
-12.79073
-14.60832
-3.34833
-12.06783
-2.74629
-17.21427
-9.0128
-14.76728
-5.90319
-0.05015
-10.5748
-16.19441
-12.28188
-1.95288
-4.2163
-13.82019
-0.83522
-6.80062
-14.97511
-7.6982
-9.87702
-3.24544
-11.80512
-2.25039
-3.38453
-5.85714
-13.34507
-0.53407
-8.124
-1.66475
-14.11686
-0.29919
-3.31093
-0.91392
-14.17742
-10.24815
-16.24259
-15.53455
-12.88874
-0.87074
-5.99055
-12.33662
-0.81768
-4.68483
-1.67438
-1.31003
-4.48614
-13.6236
-0.0614
-12.14836
-5.9093
-2.79339
-14.84728
-7.03725
-11.24689
-13.6028
-17.78811
-2.30447
-15.55413
-2.19389
-7.18757
-6.821
-3.08427
-8.83006
-11.56888
-15.50148
-7.73252
-8.04299
-12.70986
-7.19898
-10.0914
-3.50046
-7.92925
-1.19379
-8.67631
-2.02508
-8.63055
-7.95537
-11.39746
-10.79696
-1.20417
-13.98092
-15.81376
-3.0562
-7.61561
-12.87635
-10.2168
-8.55171
-7.34148
-3.22108
-10.90166
-5.82294
-2.97419
-2.81208
-13.42359
-11.69689
-7.29169
-2.0561
-3.77197
-7.48867
-0.29279
-10.09823
-2.83589
-3.26843
-1.65531
-0.22179
-9.07746
-14.47867
-9.70388
-2.63007
-2.95008
-11.95254
-17.14848
-8.82284
-9.46618
-16.45625
-3.69198
-12.89538
-6.37646
-16.17322
-2.50734
-4.69306
-11.00839
-6.6692
-14.62583
-0.2624
-3.67006
-3.79908
-15.23916
-17.6808
-7.46332
-15.40583
-3.9522
-10.51063
-11.9053
-16.67431
-0.07083
-0.79181
-15.63126
-12.00939
-10.96582
-12.65758
-1.17957
-5.01585
-0.7935
-2.2589
-4.41825
-5.45459
-2.40908
-5.6853
-14.60304
-6.33372
-8.72997
-0.3259
-8.82062
-17.30781
-13.24459
-1.48713
-0.67759
-4.88703
-16.97645
-17.57626
-9.36729
-0.0059
-2.35266
-1.20406
-6.77625
-2.53575
-12.24543
-17.50745
-1.47149
-14.06825
-4.88725
-6.13859
-15.15306
-14.47598
-12.0767
-4.37525
-17.2936
-10.67276
-6.02796
-14.91352
-15.85049
-10.97618
-12.84193
-6.31628
-0.54777
-17.91956
-1.75716
-10.20199
-6.04786
-2.68151
-7.67774
-16.24839
-15.46929
-3.79296
-13.87623
-7.75732
-10.29455
-12.5345
-3.83458
-4.8381
-6.37004
-11.29192
-13.92353
-8.71389
-3.29213
-7.63803
-0.53749
-17.72213
-0.02976
-5.55464
-3.01187
-11.97086
-8.84986
-3.65419
-4.30831
-11.98738
-12.16062
-6.0694
-1.19413
-10.10185
-11.64705
-1.89563
-5.70499
-11.01103
-16.96903
-5.01319
-11.64804
-16.72981
-6.9788
-12.18588
-11.90778
-9.37494
-5.08545
-13.02605
-16.54297
-10.36034
-17.01134
-5.44917
-0.73362
-6.14234
-13.04297
-14.72936
-13.8099
-14.01102
-12.35105
-16.24776
-1.87706
-2.06783
-6.92575
-16.88543
-3.52799
-16.88781
-16.08442
-12.14466
-10.23353
-11.63
-15.02586
-15.98167
-2.53053
-11.46274
-14.06521
-9.23416
-17.33718
-7.19494
-13.52719
-7.23246
-6.94575
-3.43396
-13.86171
-9.65764
-0.68603
-4.91175
-0.44381
-1.30742
-7.00653
-13.24925
-4.37537
-5.43385
-7.39998
-5.43907
-6.95544
-8.65118
-10.5128
-17.19525
-2.41762
-2.42027
-7.30715
-13.17808
-17.49364
-17.97428
-16.68767
-11.52205
-14.60887
-13.22895
-5.40611
-0.7353
-14.27803
-9.61841
-0.15337
-1.22986
-11.65831
-12.2456
-13.64093
-15.20275
-9.71906
-11.85983
-4.59292
-13.7364
-4.74602
-12.81336
-7.33088
-6.50826
-5.90793
-14.8439
-12.9112
-13.56992
-7.62911
-16.63656
-8.67138
-16.42559
-11.93299
-5.63929
-10.57385
-12.95385
-6.91457
-4.67516
-13.41747
-12.6108
-6.47471
-0.62598
-14.15031
-6.22354
-1.68138
-9.6846
-12.2968
-5.99632
-17.43423
-11.51711
-13.35647
-13.95681
-14.76433
-4.73286
-0.8082
-11.07413
-17.11614
-5.05959
-8.31232
-4.9744
-6.33773
-1.70215
-15.47208
-14.95509
-11.85175
-9.155
-1.33715
-1.67464
-2.3063
-13.99452
-4.86583
-11.09715
-1.23871
-14.13835
-15.45736
-2.83707
-5.09566
-3.21441
-15.15702
-2.07373
-5.80283
-6.27191
-7.51349
-4.23222
-10.51905
-15.60922
-8.29323
-4.53416
-15.23435
-13.96763
-5.46218
-13.14628
-14.94106
-1.99094
-15.10388
-11.80533
-10.28825
-9.42948
-11.49642
-1.57431
-6.14475
-11.5291
-11.56105
-8.94686
-17.39406
-1.32043
-13.98043
-5.44333
-4.00099
-3.10711
-15.01844
-8.33952
-16.49386
-3.51374
-9.24387
-15.1472
-5.06378
-12.03894
-15.93888
-9.70067
-13.76556
-0.89601
-11.49549
-7.69585
-0.9295
-10.91302
-11.55372
-15.0767
-1.11054
-3.58659
-14.0218
-12.01186
-1.53159
-8.32897
-7.98598
-6.3334
-4.28105
-1.09286
-3.55995
-1.17811
-3.22902
-17.16419
-15.88438
-2.07193
-17.50146
-3.70486
-2.70281
-10.52164
-11.61261
-14.50072
-17.11946
-4.58311
-16.67291
-0.99595
-12.65862
-3.7036
-16.92571
-8.34698
-11.71621
-17.45998
-6.19561
-1.02307
-17.80645
-13.13214
-5.3351
-2.31743
-14.56597
-16.7271
-17.84445
-14.12628
-16.71629
-11.53112
-10.07774
-9.36137
-15.43807
-9.64822
-17.83707
-13.69042
-11.35645
-15.86967
-3.34792
-14.37818
-4.41199
-9.46993
-9.36462
-6.3865
-17.203
-16.58233
-12.11682
-10.49719
-10.26107
-5.81603
-17.98731
-0.73611
-14.85923
-13.52463
-1.69871
-17.90115
-0.15649
-17.35277
-15.83018
-13.67808
-10.10301
-8.66787
-16.11507
-16.67387
-17.42654
-13.37849
-1.41241
-10.98283
-4.24787
-14.57661
-16.83577
-8.02296
-3.20234
-1.82772
-8.16832
-12.70742
-16.02879
-5.97919
-12.95214
-2.80868
-7.10782
-2.54019
-7.80025
-4.10864
-12.70251
-8.94494
-17.65069
-7.05903
-8.39269
-4.40492
-4.87879
-6.70289
-16.97966
-1.74583
-17.67565
-3.54118
-9.37177
-3.27612
-9.62874
-6.35512
-11.46122
-4.61378
-13.42483
-5.05159
-14.51911
-5.00098
-12.71392
-12.98463
-3.39311
-3.35353
-5.55476
-1.36964
-15.18851
-13.15222
-12.70775
-12.50485
-12.09542
-5.45383
-13.12635
-12.8534
-7.73254
-14.51954
-11.43202
-16.95707
-0.85415
-12.28846
-2.69924
-8.46098
-13.89218
-14.5183
-5.49071
-0.63236
-14.70475
-15.92242
-11.03221
-10.91141
-3.48745
-9.55999
-16.8757
-1.42798
-11.28262
-5.96643
-5.98521
-16.98584
-17.93512
-16.41533
-0.78244
-3.70813
-15.62378
-6.93234
-6.98447
-17.98994
-10.27684
-5.18804
-14.63773
-2.68373
-6.11451
-17.87536
-2.61154
-17.6508
-2.01728
-11.99306
-5.4243
-3.82624
-12.93716
-11.58414
-8.82825
-7.51155
-12.74325
-0.13688
-4.73392
-13.06526
-6.47222
-10.16332
-2.51408
-12.0789
-14.61863
-17.16955
-0.28243
-11.53401
-14.03067
-9.14817
-12.75049
-13.8078
-6.90508
-16.65273
-8.83813
-11.02624
-8.41447
-12.23207
-7.73422
-16.52727
-11.22914
-13.72503
-10.11439
-10.82995
-6.63869
-6.68236
-10.55943
-14.73078
-7.52555
-0.60272
-14.66203
-16.75693
-13.2379
-10.56743
-12.48861
-2.97523
-9.1255
-13.5697
-0.89642
-15.74887
-15.78759
-13.58487
-16.6181
-4.47025
-12.3694
-4.86292
-4.27073
-13.72467
-8.66945
-8.64734
-2.31544
-17.53864
-12.29759
-2.11519
-13.73754
-15.53616
-7.6295
-12.49422
-9.5887
-3.23977
-8.62745
-8.71398
-12.99271
-3.72842
-4.68334
-13.78583
-12.23992
-3.80469
-11.56108
-10.73593
-11.44058
-15.09061
-11.86386
-3.54716
-9.16064
-9.75209
-15.18568
-14.80374
-17.2269
-17.7488
-9.21575
-10.63382
-13.0432
-0.17916
-10.83607
-3.80076
-14.21018
-13.55326
-7.76896
-17.92749
-17.68634
-15.44006
-13.98382
-8.49871
-5.64787
-12.38618
-13.69672
-3.1894
-15.07001
-5.79012
-1.23605
-13.8202
-16.43462
-0.36434
-13.12607
-13.03806
-9.2921
-13.84096
-0.1283
-17.22661
-9.87348
-8.12976
-9.59488
-8.63059
-0.22358
-2.21577
-12.44801
-8.07341
-17.9944
-10.62776
-15.05026
-5.19551
-14.02039
-4.51988
-12.36312
-1.33508
-9.9825
-2.88868
-6.69301
-0.40683
-4.63099
-4.90134
-13.23241
-8.91252
-12.77795
-17.65272
-5.20946
-13.75494
-10.84817
-12.8765
-14.40655
-16.79185
-11.91798
-16.52859
-8.27426
-17.64677
-1.07964
-0.60345
-12.51623
-13.3165
-16.12071
-1.71146
-7.43645
-7.01775
-1.87458
-1.60584
-3.08985
-4.07805
-2.20966
-2.23253
-11.36439
-0.47896
-5.23562
-11.33623
-10.04311
-5.63164
-11.50022
-3.12196
-15.33485
-1.6633
-12.57844
-15.25117
-2.55556
-13.68966
-2.81888
-12.66724
-1.19044
-14.0566
-16.7463
-1.14244
-15.01874
-1.00561
-3.16841
-16.52534
-9.98757
-16.67881
-12.06384
-11.67294
-7.2066
-0.43388
-14.94426
-12.07528
-7.43216
-14.91442
-5.20723
-10.73413
-0.9077
-6.66232
-11.46455
-5.04948
-2.90242
-3.59136
-13.27024
-10.4943
-9.8608
-11.0091
-12.40446
-4.45054
-17.77996
-12.7162
-15.45089
-15.68215
-13.01474
-4.28124
-0.55041
-8.73687
-11.89851
-3.07493
-16.79214
-16.32298
-11.78341
-9.92865
-3.63892
-1.34525
-8.43702
-9.0784
-14.1658
-9.87873
-1.3744
-10.92781
-14.20772
-11.92869
-8.7373
-7.22547
-10.21626
-4.34635
-7.47984
-6.02913
-2.46746
-2.41761
-14.33685
-6.77979
-5.10046
-15.37465
-2.83014
-14.75154
-3.61297
-15.09362
-4.64799
-15.33334
-11.18107
-15.41671
-13.12713
-0.27873
-16.06184
-10.68363
-5.81545
-16.29723
-16.03741
-15.42127
-6.39025
-1.63194
-3.13219
-0.30501
-7.59352
-0.69341
-12.51119
-10.41292
-10.87126
-17.14757
-3.06531
-17.55507
-4.86223
-10.67283
-17.88754
-12.78096
-11.7697
-0.63536
-6.10058
-8.21571
-15.71309
-10.96012
-17.35624
-4.28966
-15.07002
-7.30016
-5.41095
-11.40284
-6.61332
-4.24381
-14.68577
-7.18451
-4.7901
-11.57313
-15.07516
-12.84991
-1.20466
-11.56594
-16.06139
-16.51092
-14.75109
-15.70478
-9.08921
-11.74407
-2.8547
-2.14059
-9.48097
-2.00651
-9.89169
-6.44468
-15.07437
-17.05351
-15.11847
-13.46679
-4.48233
-14.87691
-15.64822
-1.30303
-5.60156
-9.4805
-16.29057
-2.66776
-16.05135
-7.00116
-5.98182
-10.7975
-1.5981
-17.08739
-3.2739
-8.0317
-6.99833
-0.23714
-7.51234
-3.6535
-15.23645
-3.43279
-4.30069
-0.57402
-1.15721
-14.14824
-9.6312
-1.5933
-6.46623
-9.65339
-16.0391
-11.66836
-6.02568
-4.01554
-9.951
-16.9948
-6.6029
-1.41144
-9.06461
-1.28836
-11.62619
-2.04542
-3.84588
-0.68865
-3.76162
-12.21336
-1.78978
-5.94484
-15.08275
-17.17263
-11.41478
-3.83645
-6.87214
-8.51171
-17.9329
-10.16099
-15.16098
-9.81779
-0.14813
-2.1683
-12.40865
-7.31687
-8.96229
-15.65915
-0.18348
-10.34685
-8.89814
-6.34321
-14.5522
-13.99992
-14.53395
-11.07962
-14.40581
-1.32487
-5.14235
-1.83896
-2.72729
-5.34326
-13.63057
-6.92426
-14.64662
-15.61543
-6.61365
-6.75674
-15.1808
-11.6563
-16.80694
-5.1168
-0.22508
-4.68169
-2.80526
-9.42582
-16.27949
-4.92108
-13.38264
-11.01071
-5.34421
-1.71388
-9.24752
-0.6911
-8.64174
-15.79481
-8.66819
-2.5087
-8.31519
-4.5404
-8.13676
-8.17102
-12.8743
-14.37731
-12.97946
-10.06492
-3.42738
-3.07816
-15.0592
-8.04861
-10.5115
-7.72316
-6.34278
-12.96698
-1.45364
-1.16193
-16.10356
-5.34567
-17.40182
-17.16185
-0.7596
-5.49264
-12.15825
-5.9422
-2.77497
-2.32374
-17.63064
-3.2719
-2.64235
-7.27974
-9.36173
-16.00202
-13.68695
-9.17127
-2.42857
-3.54358
-9.07327
-3.85871
-4.2168
-7.57772
-14.03414
-11.73593
-15.04684
-17.87129
-16.55054
-4.32674
-17.39725
-10.80265
-0.25595
-3.68569
-4.48888
-13.05524
-6.44886
-9.02319
-6.77116
-10.15531
-8.44267
-0.20887
-12.07237
-14.10385
-9.9271
-8.56223
-16.45868
-3.4925
-10.40305
-10.56264
-6.14088
-4.0816
-0.25308
-14.87665
-11.78
-14.97137
-2.14461
-8.12712
-2.65608
-0.26594
-8.09628
-15.87327
-11.49718
-17.34859
-2.71258
-17.67804
-7.34067
-16.0896
-17.86396
-13.38929
-8.06666
-16.64842
-6.93202
-5.90414
-0.54543
-1.80833
-7.79776
-3.71943
-11.45446
-7.45718
-10.73962
-11.93325
-4.90249
-12.65993
-11.15006
-11.39091
-2.33274
-14.93272
-11.13344
-2.01834
-17.72452
-0.93839
-1.81979
-10.47873
-6.24554
-0.1608
-8.01093
-16.25582
-2.63446
-15.58527
-13.36911
-2.27672
-13.39147
-4.58845
-9.94187
-4.32452
-13.81766
-10.44782
-12.2731
-13.51721
-12.34026
-12.18614
-0.80319
-8.40185
-9.68306
-8.94027
-0.06964
-6.2354
-5.33724
-12.35481
-9.51232
-14.68682
-5.66659
-11.7991
-4.53081
-14.1631
-10.73695
-9.51868
-15.00254
-16.74736
-12.29278
-8.19194
-6.25178
-10.34512
-8.995
-8.22253
-8.78561
-16.37409
-10.70998
-14.32203
-8.39275
-4.35463
-7.56925
-14.00721
-14.26038
-17.33403
-10.32514
-10.20849
-13.74415
-4.24335
-11.04324
-5.95077
-6.47873
-7.11467
-1.65481
-17.71398
-16.77533
-5.00147
-11.63653
-0.2426
-14.10457
-14.69846
-7.41201
-12.97034
-11.87113
-1.42156
-17.52763
-8.43733
-11.97181
-11.77214
-13.53944
-15.5727
-17.37933
-0.22148
-6.11341
-4.0103
-16.82996
-17.73293
-7.1948
-4.97103
-10.89241
-11.02041
-11.07937
-15.25039
-4.42956
-14.12653
-12.16061
-5.91732
-17.99812
-4.20737
-1.81629
-17.07089
-7.35077
-10.64774
-16.58766
-5.71984
-6.97826
-6.43211
-3.35708
-12.83546
-5.81277
-4.62028
-14.96133
-0.7728
-11.88034
-5.15325
-4.42764
-8.92744
-15.68309
-13.03807
-13.78355
-8.66444
-13.29716
-8.15813
-12.81228
-17.98238
-11.46138
-7.07668
-4.07346
-17.48944
-13.35037
-0.26168
-13.28732
-4.01044
-8.83127
-15.80087
-6.4188
-0.60586
-2.03708
-5.57473
-8.78133
-12.25201
-11.5746
-11.76828
-1.40252
-14.19638
-11.19546
-10.22466
-10.63978
-17.92443
-13.12248
-9.02577
-4.31112
-7.74947
-11.07248
-6.02746
-6.01392
-13.53736
-16.13207
-3.5427
-8.46392
-14.82255
-13.28272
-4.20436
-6.2411
-0.987
-9.63095
-17.06064
-5.39239
-13.41161
-12.17062
-14.46033
-12.43916
-3.06935
-7.61916
-16.03523
-7.44113
-6.59586
-2.07317
-2.52638
-16.86825
-2.39943
-17.08407
-15.2258
-15.9921
-14.72945
-3.54128
-5.64985
-5.63468
-1.4017
-10.94668
-17.94083
-6.48417
-2.37466
-0.42732
-11.44993
-3.20126
-2.7139
-15.40012
-6.63303
-14.88348
-9.96065
-2.1732
-3.78959
-7.73389
-3.44324
-15.2491
-14.49145
-14.24043
-4.03176
-1.96262
-7.86895
-0.75651
-4.89546
-7.85369
-6.99137
-2.70839
-16.37675
-14.97569
-13.20669
-1.89403
-0.99099
-11.58893
-1.37057
-8.15674
-9.48107
-3.01024
-8.1705
-9.81932
-17.71266
-17.76784
-6.70335
-16.6785
-4.73498
-6.79785
-9.76087
-5.22353
-0.12472
-13.56558
-7.973
-2.82859
-17.69625
-14.33685
-8.62274
-8.05957
-16.446
-10.66627
-8.64387
-10.38644
-5.38927
-4.11545
-9.71529
-10.33812
-5.30345
-8.00456
-2.33209
-9.33937
-7.66211
-15.68151
-2.95205
-10.39874
-5.05686
-10.26931
-17.98178
-10.79262
-15.34496
-10.82493
-12.21581
-14.35415
-15.7721
-4.8859
-4.41251
-13.23004
-9.08658
-9.64672
-11.60554
-13.00253
-14.65143
-2.28793
-3.00038
-10.49077
-5.01838
-9.03002
-16.4631
-3.19697
-14.05311
-5.27728
-8.50684
-5.57028
-9.51834
-5.3539
-17.40937
-17.26465
-1.86588
-4.50551
-3.08758
-9.78146
-9.72636
-8.38793
-13.61408
-4.79696
-3.06982
-1.66997
-8.69339
-10.53762
-3.0432
-4.45202
-2.38908
-6.19684
-2.10036
-16.39725
-5.76789
-16.40169
-4.51966
-6.68801
-17.71214
-7.2133
-15.36696
-15.43659
-15.29167
-9.29118
-15.92064
-15.7382
-13.38898
-17.98455
-13.03578
-6.86866
-7.17173
-0.54839
-15.84666
-2.41972
-10.95858
-11.03335
-11.7214
-15.75474
-9.38691
-3.8272
-2.24222
-0.66853
-3.86474
-6.78435
-9.04439
-2.25185
-4.68876
-15.09735
-5.71409
-10.24131
-7.27561
-1.82964
-6.25373
-1.10296
-2.40535
-15.67978
-17.79027
-11.08059
-2.42406
-13.85773
-5.5548
-9.43208
-4.5706
-15.03042
-13.69636
-13.63456
-8.12762
-12.78676
-3.389
-11.7577
-6.10468
-0.92697
-7.07537
-13.64124
-3.05178
-17.77423
-13.38233
-11.02517
-14.47238
-7.12767
-7.95599
-10.68306
-12.70117
-10.18967
-12.75836
-14.01735
-11.67714
-7.15796
-6.32896
-12.64775
-0.94684
-13.28473
-5.18162
-16.53336
-6.0328
-9.72092
-7.75606
-14.68669
-10.19585
-4.207
-4.19247
-13.72399
-11.65321
-17.93136
-16.38068
-15.71885
-12.71428
-4.33772
-8.8155
-3.73305
-4.4117
-7.43151
-9.00252
-1.23622
-7.75314
-9.30917
-2.35583
-16.7141
-6.19153
-15.96551
-3.24321
-3.73201
-8.9352
-6.10121
-4.09281
-9.30053
-1.69276
-10.13346
-1.94359
-7.51061
-10.32762
-17.92624
-12.67999
-2.37741
-10.28317
-10.41357
-9.19061
-12.84653
-9.15208
-11.23626
-1.63003
-7.8486
-2.98528
-5.63627
-14.17315
-2.38202
-16.42913
-9.92452
-13.6952
-8.324
-12.59911
-4.98913
-1.13546
-5.23638
-11.60441
-7.19874
-2.00653
-13.13949
-15.87231
-15.64625
-9.09265
-4.82155
-6.16936
-9.82999
-4.87264
-6.58854
-6.69185
-14.35722
-12.3735
-11.80036
-3.45257
-4.04801
-13.45189
-17.00726
-4.17989
-10.62241
-14.04354
-15.8937
-17.76934
-10.30087
-11.88425
-5.46354
-0.42002
-14.27791
-13.62535
-11.92855
-9.61312
-5.44142
-11.66343
-16.12439
-4.85385
-3.69645
-13.54232
-15.53839
-8.49958
-14.25034
-11.26506
-4.0075
-14.04707
-3.48733
-5.86764
-14.04493
-8.52472
-6.94673
-14.39503
-15.39091
-8.43898
-5.51086
-9.62876
-16.73929
-1.34617
-5.49062
-6.81847
-6.41471
-10.8251
-0.28079
-15.61177
-4.69546
-10.42423
-2.14027
-5.0893
-7.87946
-1.12151
-1.57602
-17.05799
-14.53342
-5.83116
-1.40689
-10.25406
-17.31051
-6.42065
-14.49563
-8.05821
-11.0757
-7.95551
-1.21615
-9.25559
-17.37848
-7.54348
-12.13658
-3.99357
-9.54129
-4.65533
-1.64122
-11.47907
-0.1912
-15.30337
-6.40923
-17.37418
-14.16498
-6.59199
-17.16855
-16.16783
-12.76181
-7.63853
-17.71231
-9.31762
-6.73661
-10.75459
-16.78248
-7.00426
-7.09496
-8.89124
-5.52338
-14.25957
-5.78627
-15.09381
-10.93151
-16.7838
-3.25571
-8.3118
-0.52111
-1.03812
-0.0259
-16.17721
-7.08155
-10.66365
-8.41204
-12.44219
-17.13476
-5.2605
-0.61529
-8.41713
-12.06756
-1.11099
-11.436
-1.53847
-2.59756
-8.4832
-5.81629
-5.39429
-6.46035
-15.1065
-5.53003
-17.94207
-5.21934
-8.01295
-13.32431
-3.53224
-10.70498
-9.25601
-17.50186
-10.77625
-14.98747
-13.02942
-13.46149
-17.17163
-9.7111
-8.59334
-7.72087
-9.68004
-2.34852
-17.32176
-6.95145
-2.40963
-17.26128
-9.06647
-7.39751
-14.5637
-13.455
-3.85932
-7.78684
-12.31598
-4.23441
-4.55912
-11.78277
-9.20434
-6.03866
-11.82151
-6.67783
-13.48067
-12.74363
-12.40789
-1.15101
-2.9939
-7.82701
-7.8503
-16.98936
-6.30885
-12.09384
-6.97861
-2.87579
-17.18103
-7.07286
-7.84439
-14.2782
-6.36421
-8.01297
-4.18824
-16.00887
-10.01507
-0.03721
-5.59294
-5.68263
-12.27832
-16.31001
-0.9091
-16.10151
-0.13129
-15.73594
-14.92367
-12.44939
-8.77725
-3.77277
-0.52185
-11.54115
-17.63256
-6.89977
-5.20578
-10.846
-14.69743
-12.49172
-6.19561
-9.10471
-4.61837
-14.07294
-2.84426
-15.19407
-12.06152
-7.35826
-4.73646
-13.20873
-0.93384
-5.29
-14.08185
-4.93622
-5.46599
-4.45169
-1.51415
-5.18909
-11.66561
-3.77069
-5.47449
-7.66333
-11.63101
-1.42111
-8.77041
-6.69414
-10.52346
-3.94532
-11.86129
-3.40858
-16.05705
-5.23869
-9.41612
-5.42244
-8.43488
-15.58249
-9.41415
-0.63794
-4.41287
-12.59659
-1.00595
-3.97897
-11.43995
-7.13567
-10.31966
-16.25957
-3.49147
-14.56059
-9.75531
-5.35251
-1.22015
-16.87093
-10.9218
-6.93634
-3.97243
-1.42324
-17.99105
-6.70026
-17.87514
-3.8294
-15.306
-1.89683
-15.20776
-4.24208
-12.79253
-7.96943
-7.04818
-14.27831
-12.62346
-16.06486
-17.9048
-13.68958
-8.71196
-5.15525
-3.71593
-16.74421
-13.09657
-4.13597
-9.34436
-14.72063
-10.94015
-13.13938
-17.08824
-4.25471
-12.74951
-0.98764
-2.01375
-5.10701
-12.12058
-12.96138
-9.44511
-11.61715
-1.77915
-15.77709
-4.95958
-7.00386
-3.48658
-8.23523
-6.66827
-0.67067
-16.34469
-16.11242
-10.91506
-9.49081
-14.4023
-16.51198
-17.60083
-4.23734
-9.26897
-2.81874
-11.50493
-5.33797
-9.20663
-6.98274
-11.33646
-16.53894
-0.94728
-2.95038
-12.38595
-0.74335
-12.5912
-10.02618
-4.40756
-12.43792
-12.15886
-10.61852
-9.56899
-15.77491
-17.68515
-1.45517
-11.6426
-16.16961
-4.33491
-12.68891
-14.73005
-0.673
-1.43023
-16.09657
-1.81287
-1.96438
-6.58126
-8.46472
-14.08611
-15.81508
-7.08536
-3.20477
-5.60441
-14.74559
-12.77966
-8.16448
-6.75013
-16.69945
-6.94707
-4.74625
-14.73556
-13.56806
-13.33986
-1.08342
-10.67371
-8.44971
-4.96234
-11.31372
-16.1
-6.22221
-5.98908
-13.31014
-17.36588
-6.02364
-5.33834
-17.53083
-5.5227
-1.09929
-14.78186
-8.61617
-5.45802
-13.85857
-4.47212
-2.37441
-3.33808
-13.33982
-3.5241
-10.55982
-13.20366
-14.97651
-1.63833
-10.31584
-2.41684
-15.12819
-4.19412
-16.01976
-17.68383
-0.08911
-16.67633
-9.69227
-2.18906
-3.25117
-9.51884
-7.00473
-6.66529
-16.02315
-12.87173
-12.5823
-11.19369
-13.06948
-13.47303
-11.61386
-11.17392
-9.22997
-14.87636
-3.80994
-2.50798
-13.53303
-15.78059
-4.99838
-1.36359
-17.36733
-17.74015
-14.69834
-5.67374
-0.63394
-4.49314
-7.68541
-5.39011
-13.84743
-5.60606
-12.21399
-13.9964
-13.74199
-5.97982
-4.18994
-7.52756
-16.85061
-17.31583
-14.091
-12.84356
-10.71324
-16.63149
-4.94714
-5.19303
-11.7598
-7.86595
-16.18351
-10.52606
-2.56383
-6.1088
-16.12901
-2.7436
-5.74747
-9.84499
-5.54236
-14.88924
-8.09124
-6.87731
-1.30059
-16.79595
-11.25391
-1.13734
-14.09002
-3.36239
-17.9711
-17.53409
-12.10279
-4.16693
-16.12542
-11.10863
-15.63357
-13.97532
-8.9461
-12.2555
-14.18557
-10.91705
-5.38101
-15.85047
-9.3673
-13.05505
-11.18482
-3.21201
-1.26486
-13.6264
-6.66052
-5.81981
-2.83525
-1.81724
-9.57615
-0.31364
-0.52508
-8.88358
-8.24342
-5.9805
-11.27131
-6.08321
-8.74286
-17.36214
-2.65088
-1.07198
-17.52788
-3.79329
-11.05536
-7.45863
-9.00009
-8.07641
-9.08665
-2.63924
-5.69688
-10.57253
-5.60577
-0.62914
-16.55445
-11.01438
-2.33183
-4.69701
-1.17128
-17.28342
-2.47004
-3.74762
-3.3293
-7.24927
-17.06549
-8.29566
-10.66048
-8.51325
-4.67467
-7.27271
-12.73387
-7.20887
-16.50351
-17.90341
-10.7725
-4.37065
-3.19258
-8.10289
-2.37588
-15.73353
-0.64609
-1.40831
-7.21373
-16.943
-9.82435
-14.77309
-6.68835
-14.58063
-9.32764
-14.29872
-14.72679
-13.53738
-17.47446
-5.10993
-12.47893
-5.43406
-6.23739
-16.80997
-12.38337
-7.79651
-1.46878
-10.77625
-8.91375
-4.49714
-3.54068
-1.37987
-9.05059
-14.51092
-4.24042
-15.73965
-10.46984
-6.69217
-5.54659
-4.8055
-14.51642
-0.33031
-14.78847
-16.27068
-6.04709
-1.62
-7.93109
-7.28132
-8.30727
-17.23053
-5.73639
-11.55242
-1.15787
-14.63778
-12.56192
-8.91261
-9.40761
-10.79451
-12.34075
-15.35067
-3.22341
-9.92214
-7.68678
-8.16205
-7.6412
-5.31287
-6.67114
-13.06975
-8.03322
-13.59877
-7.40094
-10.22518
-17.29047
-4.78826
-13.056
-1.4365
-12.94997
-0.06079
-9.66688
-17.52467
-16.62716
-16.52242
-16.98814
-13.17979
-12.1574
-15.99685
-10.11363
-11.42369
-6.54617
-14.47444
-1.54826
-8.71217
-6.77281
-17.28863
-7.9364
-11.3742
-1.3649
-2.05842
-6.52232
-4.17868
-6.39732
-17.69457
-5.34372
-14.81237
-5.71372
-17.81088
-12.40368
-8.6953
-12.00293
-5.50823
-8.59123
-0.72599
-11.55938
-5.00653
-2.95485
-13.43488
-4.42563
-10.92035
-15.68291
-17.93435
-4.61236
-14.64761
-17.07851
-9.05024
-11.75944
-5.54748
-16.06744
-15.61224
-10.72606
-8.63265
-3.16451
-7.45875
-1.75325
-14.08018
-7.26805
-6.20571
-4.93551
-0.20429
-9.57539
-11.35225
-2.66028
-14.81776
-17.33349
-10.0154
-13.55029
-10.86254
-0.2505
-11.72721
-5.25662
-13.49276
-12.53839
-13.62321
-7.7011
-13.93005
-5.06945
-5.75506
-10.41715
-17.53961
-17.59228
-8.40948
-2.89442
-7.22027
-10.15829
-2.12186
-14.45408
-11.53036
-7.82443
-12.74995
-0.04118
-9.85822
-17.069
-14.8305
-8.41534
-8.09899
-0.2854
-7.2006
-6.00071
-14.15299
-16.07643
-7.16382
-2.43216
-7.42729
-10.0299
-7.59228
-9.56211
-15.44613
-4.65868
-8.40531
-10.81219
-7.92651
-13.65791
-10.29676
-6.79599
-13.92852
-4.51809
-8.6218
-2.48928
-2.74974
-9.09869
-14.48162
-4.74045
-10.46379
-7.29671
-16.06922
-6.63149
-11.27609
-11.98458
-0.36152
-10.21625
-5.79531
-6.7009
-16.12254
-4.5373
-12.18313
-3.61909
-7.06247
-12.29235
-11.58673
-4.83287
-8.09893
-5.96968
-15.15027
-3.83442
-12.23296
-6.8425
-15.93576
-12.21444
-6.32039
-13.06429
-2.15438
-6.09789
-2.33499
-10.88297
-17.38827
-7.62948
-11.89452
-9.93261
-5.74002
-5.38804
-17.50398
-4.15255
-9.11666
-7.97942
-12.6361
-10.42499
-5.21325
-4.01915
-11.03209
-5.55988
-13.35522
-3.02359
-7.02334
-4.04664
-9.41121
-13.87603
-10.27384
-11.13326
-12.0111
-14.18087
-4.33499
-16.44567
-2.0239
-14.84955
-0.36227
-0.20758
-10.82903
-0.21922
-2.35677
-16.51626
-0.94809
-17.23474
-14.72554
-7.47728
-16.54673
-15.0889
-0.83715
-0.09562
-3.63354
-8.72623
-1.79458
-15.98582
-1.02795
-11.67205
-2.49319
-5.96928
-0.71506
-2.4358
-2.01784
-6.62842
-3.00315
-4.37164
-15.09078
-6.32526
-15.33284
-2.34979
-16.8129
-0.23316
-10.78872
-14.92867
-1.15785
-17.18233
-9.5381
-4.13591
-12.29849
-8.48098
-5.39257
-0.86442
-16.15135
-15.16992
-8.84032
-10.46745
-10.60567
-12.65469
-7.90767
-2.10081
-15.10336
-14.12485
-5.92518
-16.98844
-5.87224
-12.33979
-11.55863
-10.70011
-11.70742
-2.85823
-0.97077
-8.13579
-7.52619
-16.7313
-5.16255
-7.48622
-17.0929
-14.42834
-14.36502
-14.92258
-6.14437
-1.28809
-4.26644
-9.40728
-10.72708
-11.04375
-7.17755
-11.53403
-13.9298
-7.14883
-10.9673
-17.74575
-17.59984
-13.06554
-8.7764
-11.62369
-17.56701
-13.98327
-16.26445
-0.92462
-12.36899
-17.73421
-6.10986
-13.81594
-7.79875
-15.28658
-0.28776
-0.53533
-6.1923
-5.27035
-10.33418
-0.68077
-10.37269
-13.68958
-15.92319
-14.25374
-7.70016
-13.58835
-6.22351
-11.12068
-2.03629
-7.94739
-6.79313
-7.98192
-2.05976
-16.85845
-16.78772
-5.36868
-4.17665
-10.19539
-11.65851
-12.99699
-13.78089
-1.58475
-12.68749
-6.33458
-3.83229
-17.6046
-17.39027
-12.00353
-5.47172
-13.30562
-17.9733
-12.81334
-16.37765
-14.05056
-12.00258
-15.69497
-5.28543
-13.39344
-6.10029
-7.21741
-1.83518
-16.4172
-14.13705
-2.42679
-3.20163
-14.5421
-16.06075
-2.58765
-14.79351
-2.32003
-0.69994
-14.02548
-2.87302
-10.37104
-3.80199
-10.66688
-16.73288
-5.17149
-15.2876
-1.31355
-10.48057
-16.524
-13.88736
-2.47468
-12.22046
-2.5861
-14.89884
-9.57207
-2.19133
-17.12871
-12.52301
-1.62267
-7.26253
-5.10782
-2.84169
-8.57526
-2.78341
-6.50224
-5.65829
-15.24862
-1.09766
-3.67048
-13.42447
-7.5601
-11.22361
-6.11276
-0.11256
-17.17656
-0.85457
-16.69696
-9.70624
-9.32203
-13.16296
-7.79941
-2.98865
-12.70868
-16.73271
-6.61889
-4.46859
-0.81859
-15.12856
-1.77552
-9.32178
-13.75635
-0.67053
-13.70827
-4.798
-3.87204
-10.25066
-5.58027
-7.69541
-14.54341
-4.32202
-1.29571
-9.20452
-0.10242
-10.29662
-9.36474
-5.86984
-14.65614
-1.76497
-3.57709
-2.29649
-7.02795
-2.09254
-5.7605
-8.7919
-1.22777
-10.08504
-8.98974
-14.94821
-0.94214
-14.02105
-14.37451
-16.1785
-9.83953
-13.07494
-4.66594
-12.46461
-5.02614
-14.4727
-13.86061
-3.48887
-11.32032
-15.98807
-0.69473
-14.80694
-15.29645
-11.54912
-16.27859
-15.19891
-2.764
-14.91288
-15.99432
-2.16076
-10.01166
-15.17107
-7.53269
-17.25289
-10.30711
-7.37435
-0.77184
-12.12363
-4.22908
-15.6114
-10.19552
-13.98357
-9.13558
-10.48983
-0.36387
-1.48504
-7.52029
-14.82282
-7.97477
-3.74252
-17.31551
-10.18747
-17.23236
-13.60876
-16.34194
-0.70959
-14.96108
-15.29813
-0.50301
-8.71259
-4.35627
-12.10834
-8.40851
-17.87663
-10.64127
-8.00838
-8.74062
-10.69525
-3.81766
-8.97047
-6.54983
-14.67682
-2.493
-11.46895
-9.32213
-11.66049
-1.94567
-1.78668
-13.96288
-4.45114
-16.1481
-17.46269
-2.94149
-15.63879
-15.21391
-7.08141
-3.29817
-14.58718
-15.94454
-16.6082
-17.55276
-15.90338
-1.03155
-16.28491
-7.24394
-1.4226
-6.69924
-17.41058
-7.26455
-1.74482
-12.19394
-12.3547
-13.52046
-8.9002
-13.71703
-4.9718
-6.39249
-10.78607
-4.99401
-16.22707
-4.50849
-7.14765
-6.65851
-16.83605
-6.87357
-9.1058
-9.25447
-12.20664
-17.86295
-10.39253
-10.78351
-10.3895
-6.98411
-12.60169
-13.1511
-9.03994
-7.33828
-7.78809
-2.13045
-4.15541
-17.06058
-7.85744
-10.47934
-11.50108
-0.75787
-9.77768
-5.05017
-0.59243
-15.282
-17.01691
-12.35484
-17.2
-15.89824
-0.14922
-0.71678
-5.55673
-4.44623
-15.47114
-7.28576
-15.22057
-11.18905
-11.78379
-6.94871
-16.56552
-16.13768
-7.02123
-6.54988
-11.88212
-15.35632
-2.05056
-17.04692
-5.08724
-15.4792
-6.52727
-6.05419
-3.52333
-10.88955
-17.60766
-3.40111
-10.00678
-2.75238
-4.03227
-9.03048
-0.01081
-9.68265
-5.46292
-5.94353
-8.6748
-7.46369
-3.62504
-7.71096
-9.89733
-6.08252
-17.36084
-16.03451
-15.74233
-10.33618
-2.30805
-6.4207
-0.49287
-17.28106
-5.00387
-12.34437
-17.58086
-3.13332
-15.07152
-14.14665
-11.87161
-3.80957
-6.75737
-13.2325
-14.96719
-16.02813
-15.3033
-2.37339
-1.3917
-0.57676
-2.97483
-2.02697
-3.31014
-0.755
-2.77828
-9.68395
-12.18142
-7.48419
-7.0527
-7.65154
-5.27893
-5.41842
-16.4305
-12.8606
-1.98252
-7.37937
-12.08656
-2.69174
-13.51724
-10.6344
-13.02741
-2.3157
-4.8908
-9.71594
-1.21859
-1.30599
-5.19255
-1.94411
-5.05092
-6.69219
-10.42591
-13.07754
-16.91537
-3.58434
-15.80106
-10.61371
-13.77658
-9.81673
-12.33029
-3.06551
-0.39279
-1.05201
-6.79734
-0.37302
-10.78699
-8.59523
-13.3767
-1.83631
-14.76524
-7.01123
-3.60983
-7.28282
-16.58205
-6.99396
-4.19257
-14.61909
-4.73485
-2.1856
-0.24375
-10.61893
-17.54708
-10.45658
-6.1159
-1.95543
-1.1141
-1.62764
-6.15672
-5.71459
-17.95709
-11.45284
-1.67659
-5.58688
-9.57743
-16.12346
-13.5663
-8.01139
-1.84497
-16.27538
-15.2324
-6.20991
-12.7053
-14.94533
-14.78815
-9.13296
-7.4926
-1.72171
-8.46329
-5.55708
-14.74765
-5.15771
-6.32352
-14.10872
-5.95121
-14.19314
-7.3156
-5.96071
-5.51969
-1.6332
-0.93893
-3.41644
-2.18253
-17.65208
-11.47197
-17.285
-13.95278
-11.12896
-2.38364
-8.78843
-6.3205
-11.46932
-7.14751
-3.32034
-12.57766
-1.21938
-14.16036
-1.45258
-17.49064
-8.23046
-0.26689
-7.02398
-8.01249
-5.71554
-12.79256
-17.02952
-13.48084
-14.82755
-1.37575
-2.65928
-12.28115
-2.95075
-14.18845
-14.40757
-4.18436
-12.11525
-16.83373
-5.04024
-0.18718
-7.8124
-13.25398
-11.2877
-6.32431
-5.37517
-2.04602
-1.64096
-2.49699
-6.32716
-9.90266
-5.7725
-6.00182
-14.07631
-8.86403
-14.25213
-1.81577
-12.18154
-3.50233
-11.20991
-4.25275
-14.02358
-4.25262
-14.76842
-9.16528
-15.95472
-8.49783
-3.22714
-4.40015
-17.08713
-9.1408
-2.65994
-6.29814
-16.93438
-12.13862
-7.98144
-14.89227
-5.72555
-6.57276
-14.356
-8.09284
-3.38907
-11.25312
-13.55424
-5.37803
-16.72552
-3.01187
-1.01774
-0.63383
-10.2143
-6.78235
-2.56744
-13.97837
-17.50135
-11.07781
-2.08132
-8.90871
-8.45606
-5.55347
-7.65869
-17.01942
-7.90452
-6.33674
-6.45128
-4.88981
-8.64144
-1.79894
-9.64331
-8.67264
-3.9545
-3.00177
-6.32949
-15.72528
-12.02486
-17.6372
-12.6819
-7.7356
-3.50585
-7.4583
-17.2819
-13.33608
-7.59489
-5.23714
-2.40383
-0.58239
-1.94784
-9.5881
-4.55527
-13.6705
-16.85105
-17.00876
-13.6565
-17.32426
-2.6951
-9.18143
-3.4038
-1.08183
-0.10966
-1.13105
-5.10198
-10.04437
-7.23627
-3.30307
-1.84402
-0.78357
-4.8491
-8.28084
-0.56931
-0.74475
-9.40405
-6.32415
-3.43319
-10.20458
-3.0712
-15.9938
-9.33927
-9.31298
-5.67617
-15.90457
-16.14221
-1.78929
-12.53265
-12.1154
-4.01649
-10.53164
-3.00737
-10.77356
-4.3092
-8.54442
-1.15509
-12.107
-11.47157
-0.54024
-4.72455
-4.09379
-12.67242
-8.4232
-12.35626
-13.32236
-8.36566
-0.22031
-14.13679
-13.63464
-13.62368
-3.74936
-8.81132
-11.07418
-2.81178
-12.64517
-10.94008
-16.67483
-15.85962
-15.53884
-11.75445
-8.56647
-17.9866
-14.58122
-14.8383
-13.43976
-15.01054
-14.48769
-0.29015
-7.29486
-4.27152
-3.25182
-5.98175
-5.32656
-6.6189
-6.31128
-1.28791
-14.65671
-13.05486
-16.32135
-2.92816
-9.9224
-1.67212
-10.58984
-10.03295
-9.92958
-6.97512
-4.20977
-11.67674
-6.65702
-14.32859
-8.02715
-8.16147
-2.00311
-1.87479
-9.2302
-17.55721
-2.7968
-17.9888
-9.39143
-17.64378
-11.65336
-6.53824
-11.31838
-1.31596
-6.46625
-6.36401
-11.26013
-17.30622
-4.71276
-5.10759
-8.45775
-10.50718
-8.31029
-4.55732
-5.16986
-6.15403
-1.73201
-7.02201
-17.73883
-6.87485
-6.97393
-16.74655
-10.30086
-6.28027
-5.31898
-1.92511
-2.85514
-15.90207
-7.04188
-7.26333
-12.53254
-14.6861
-14.40884
-14.80414
-3.48725
-15.32893
-13.24094
-14.07981
-5.16858
-15.14887
-17.56683
-11.26394
-12.5083
-10.84132
-4.43132
-17.7774
-17.32126
-13.3984
-1.99425
-14.95666
-0.05332
-3.49753
-9.78954
-4.53848
-8.66133
-7.81214
-7.54611
-6.32303
-16.90624
-6.90303
-5.09493
-12.40698
-0.38558
-15.39999
-1.61203
-5.82391
-6.04234
-2.23159
-3.02887
-11.78218
-5.30334
-17.08915
-9.64767
-1.12001
-13.06639
-17.10053
-7.50699
-11.6082
-11.1657
-7.51577
-6.8114
-10.1282
-8.86411
-0.1214
-0.77134
-5.26829
-15.09337
-11.52072
-2.10441
-10.37581
-0.80338
-9.21057
-2.48816
-17.36318
-10.18505
-5.39529
-2.45584
-7.02661
-14.88128
-2.05571
-7.65336
-16.05567
-9.65076
-5.41902
-9.88172
-2.32578
-10.3735
-7.49785
-14.19893
-8.77165
-13.98857
-13.94663
-12.96175
-17.20441
-15.06043
-10.36151
-15.64091
-15.59907
-0.57723
-10.31225
-10.73281
-13.18076
-8.77595
-7.27083
-10.47266
-10.91145
-5.39232
-0.90402
-2.1992
-15.86484
-6.25844
-17.87314
-6.60435
-9.64164
-9.15997
-7.41554
-4.6322
-4.86976
-17.19938
-4.7431
-3.06331
-16.77289
-12.18696
-3.74285
-9.12408
-5.49196
-8.95832
-0.392
-1.14852
-12.93939
-11.05407
-10.23577
-16.12432
-10.72665
-4.05274
-2.75587
-2.04961
-17.73794
-3.80149
-8.9527
-14.28914
-9.02259
-2.80331
-10.18351
-0.1717
-6.8997
-9.18425
-12.69199
-17.80108
-7.01013
-7.60508
-8.69734
-8.32132
-2.8166
-12.29634
-8.09543
-5.76094
-14.22326
-1.35325
-4.73179
-17.04068
-2.42808
-1.26234
-3.71394
-10.32796
-0.10122
-15.76015
-8.34109
-14.93297
-10.09172
-1.30636
-3.7033
-3.92253
-11.63063
-1.18314
-11.3713
-17.28048
-6.51958
-11.47234
-15.23295
-1.17615
-6.52969
-1.07047
-7.50638
-16.85045
-17.46107
-1.78989
-17.3029
-6.92684
-12.63644
-5.62215
-12.875
-17.33
-4.84491
-12.40375
-8.08562
-4.07042
-5.34918
-11.72572
-4.53912
-1.33774
-7.02046
-5.33689
-2.41365
-2.81447
-11.67118
-0.14939
-17.48581
-0.23926
-13.57205
-10.07213
-2.0936
-13.60208
-13.95393
-6.42404
-5.30189
-17.86553
-9.892
-9.19604
-13.10697
-8.17003
-15.2176
-12.1751
-5.16169
-2.27184
-7.39118
-16.6528
-5.78257
-1.84324
-8.92235
-9.11354
-0.15456
-6.54664
-3.49148
-6.36312
-14.02352
-12.88659
-6.0173
-9.79072
-10.72174
-17.59586
-2.08136
-2.07904
-9.70252
-5.38669
-14.79925
-8.9314
-10.10042
-6.18096
-9.54637
-9.02818
-12.67718
-17.12838
-1.49354
-17.77983
-12.93616
-9.94301
-12.25634
-8.06548
-9.69097
-13.40143
-16.41564
-15.52437
-9.24624
-2.77298
-16.1885
-5.81029
-3.74236
-13.0181
-5.97169
-5.64016
-5.25973
-1.96544
-10.82653
-13.6136
-8.21079
-16.87413
-11.98942
-2.10195
-8.42296
-10.13984
-13.21769
-13.49324
-13.74098
-3.07379
-0.26963
-8.37363
-16.563
-4.4813
-2.21302
-1.23789
-6.68204
-8.87615
-6.83051
-17.76689
-6.20244
-5.22636
-5.00345
-7.86471
-5.3992
-6.50102
-15.92049
-1.8294
-6.7909
-4.8997
-11.82802
-1.45369
-8.95292
-5.77789
-0.86072
-1.51051
-6.39362
-15.01665
-0.88977
-0.28556
-16.13886
-9.89464
-8.1314
-16.34253
-14.58576
-8.3213
-0.66439
-17.49942
-1.57602
-1.82505
-2.57078
-11.20408
-9.16518
-10.7353
-0.94345
-8.61569
-16.54897
-13.06692
-9.6834
-0.83599
-7.75888
-5.47069
-16.40664
-2.20817
-8.29767
-1.41789
-9.98142
-5.70449
-9.52491
-15.43396
-13.1031
-16.78937
-10.07521
-6.31185
-13.6132
-9.17301
-9.73848
-8.39843
-14.67748
-8.38829
-11.4443
-12.85125
-7.45232
-15.33534
-1.78814
-1.17265
-6.10903
-12.54322
-6.73189
-7.17258
-10.95748
-12.82955
-14.96785
-14.08709
-6.24546
-2.0539
-11.07079
-15.80581
-17.76949
-10.6937
-13.81379
-12.194
-13.64994
-6.04534
-6.50674
-1.57852
-5.40459
-15.03106
-4.4713
-14.73718
-7.94518
-16.61259
-17.14815
-9.64386
-16.1103
-12.48
-11.901
-4.15032
-12.01176
-9.1026
-4.09345
-14.31183
-3.51185
-3.02769
-0.20076
-10.00714
-11.32831
-5.36391
-16.95328
-17.28447
-11.97016
-4.86873
-15.90382
-6.56016
-13.14891
-6.26986
-9.77443
-15.92727
-13.54891
-14.04515
-15.03748
-9.56978
-0.81602
-6.1544
-2.95196
-0.34056
-8.26879
-13.71474
-1.2994
-5.41829
-0.73906
-6.28142
-4.04739
-1.96855
-4.33351
-7.87238
-9.50542
-3.17921
-4.10426
-11.40425
-9.03002
-6.57017
-17.48934
-13.54376
-13.49614
-2.10183
-12.03322
-8.18742
-3.03144
-13.32551
-15.77237
-0.92952
-5.31571
-14.81303
-3.24519
-3.83172
-2.92426
-13.02817
-9.92557
-5.51387
-10.96798
-16.7405
-15.5439
-7.25196
-11.24697
-17.90316
-4.19662
-10.49933
-12.35215
-5.15665
-9.80804
-5.49304
-17.76243
-17.83044
-7.92177
-0.32018
-13.09757
-5.70792
-14.89936
-12.39212
-16.59465
-2.14572
-12.41213
-13.8516
-4.84912
-14.41008
-13.67504
-16.13491
-0.66831
-13.54252
-0.07806
-14.82931
-17.62827
-1.87751
-7.55969
-11.67462
-8.75989
-13.30691
-6.57434
-6.90357
-16.55654
-1.60761
-9.71054
-14.48723
-12.46709
-2.40801
-11.10267
-7.8847
-0.94158
-6.2691
-5.8371
-13.52576
-5.97069
-10.91155
-1.60124
-15.6683
-12.85847
-16.81199
-11.14373
-15.32929
-2.78741
-1.34922
-5.95034
-16.13998
-11.85064
-0.63915
-15.54658
-7.98319
-11.64727
-0.01507
-12.863
-17.1401
-5.36071
-12.11869
-6.16353
-16.11626
-8.58486
-11.24583
-8.33819
-2.6375
-0.49055
-4.44362
-4.19655
-8.47915
-16.2468
-5.99293
-15.33996
-13.5781
-5.26351
-6.17413
-12.34213
-4.1032
-1.09232
-8.18533
-5.80164
-13.10797
-0.52547
-13.07331
-2.02664
-1.29836
-5.04669
-3.39143
-9.75858
-1.44816
-4.63237
-12.11861
-17.37099
-8.2659
-2.86829
-2.50797
-2.96786
-14.13456
-10.32933
-6.95113
-5.98398
-11.9775
-5.53244
-7.36385
-7.79804
-6.06555
-7.13938
-14.99626
-2.26051
-13.66974
-4.5992
-14.82378
-6.1026
-1.87769
-17.82521
-0.3658
-17.46583
-17.79538
-2.56392
-5.24333
-16.09541
-1.12653
-5.90522
-16.00122
-2.51004
-9.34371
-12.99359
-3.14926
-4.70796
-6.78521
-1.82676
-2.49696
-13.91775
-2.18365
-11.26728
-10.22806
-0.49802
-4.32226
-12.21325
-6.33733
-8.29216
-15.90114
-2.02046
-3.20613
-4.00121
-7.93524
-14.02493
-2.08987
-11.64662
-17.63787
-0.32806
-2.49917
-6.79175
-17.77667
-13.90111
-9.8631
-6.69447
-5.25322
-3.81109
-7.9981
-6.1887
-3.39763
-5.04286
-0.81338
-2.25637
-14.9515
-0.94646
-14.32483
-0.15725
-5.37607
-6.70443
-12.16219
-15.60406
-15.72889
-2.40165
-10.21605
-7.92267
-1.22695
-13.40362
-4.24913
-9.53163
-14.17042
-2.64651
-5.76091
-16.29141
-8.24837
-2.66825
-16.79517
-10.50705
-3.50614
-2.54957
-4.04347
-12.49723
-8.87527
-4.657
-15.25342
-7.29004
-5.03327
-2.70015
-15.98991
-12.06586
-8.25023
-5.38098
-4.85935
-13.44133
-17.75022
-5.51129
-1.63573
-3.64469
-6.79561
-0.40373
-10.2039
-8.5491
-17.77884
-0.97288
-7.49976
-10.9656
-17.19784
-11.47646
-17.93523
-12.16197
-0.87381
-15.22319
-8.1826
-14.64089
-3.89918
-7.87684
-14.35975
-2.40766
-3.88757
-0.87658
-17.98869
-9.77189
-0.00286
-3.39862
-3.03685
-6.81962
-5.16781
-3.50413
-16.33895
-5.53355
-3.32265
-17.26442
-12.65304
-12.16779
-2.61752
-3.95367
-6.18441
-3.51498
-9.83827
-2.25215
-13.78411
-5.31762
-13.64848
-17.28248
-12.88528
-9.12768
-2.81815
-8.84058
-14.77529
-0.13021
-13.13868
-0.26469
-1.14598
-8.23605
-16.34466
-5.48253
-2.77708
-9.98458
-13.69727
-3.54917
-8.1886
-14.44266
-0.9083
-0.93423
-11.39311
-16.84794
-6.64581
-12.28992
-16.80561
-1.94748
-0.03391
-11.6927
-4.59457
-16.81613
-11.3453
-16.04247
-17.0037
-7.40176
-3.56344
-9.84654
-8.56478
-13.12686
-4.74503
-11.50068
-16.78502
-15.02086
-15.68757
-10.1542
-16.82617
-3.48328
-1.65591
-13.5289
-9.26082
-8.65686
-0.26998
-16.81885
-5.97812
-11.77623
-8.96749
-14.09338
-15.11564
-13.61582
-16.71728
-12.99437
-5.57368
-6.27333
-8.01907
-17.99303
-15.73592
-2.82835
-13.10871
-1.58042
-2.25817
-15.21131
-1.83326
-6.69897
-6.65484
-2.65176
-10.709
-4.76526
-5.98024
-4.11274
-6.1166
-16.55901
-12.7312
-1.08142
-13.97835
-9.49931
-11.5753
-16.44662
-14.7386
-12.83999
-9.66027
-2.25857
-8.71891
-6.26571
-10.33281
-2.33888
-6.07281
-16.36866
-9.40498
-3.10978
-4.7942
-1.7044
-13.90198
-0.4109
-12.8686
-17.09676
-9.07789
-16.0139
-5.7364
-1.78999
-1.41582
-7.07333
-8.36523
-0.10815
-7.57034
-1.30575
-1.50129
-12.78875
-17.75248
-10.09497
-2.49534
-2.94958
-7.13395
-15.18015
-16.06342
-0.81572
-10.41484
-6.3331
-1.69444
-2.34192
-7.79574
-9.21771
-4.76533
-11.70638
-6.74297
-17.58326
-3.16237
-0.03542
-0.81528
-11.52189
-8.44018
-13.74809
-12.54623
-9.76777
-4.55254
-17.67812
-10.91207
-7.98306
-14.12671
-16.58738
-8.28767
-6.51942
-6.46196
-11.58148
-13.72749
-14.03304
-17.27057
-14.6757
-3.26509
-17.94508
-17.21001
-15.71366
-10.43567
-11.99272
-14.79895
-16.00291
-1.10047
-1.5975
-4.10583
-13.4636
-12.17344
-6.01479
-12.74942
-8.44879
-6.27689
-8.65447
-10.56087
-11.73791
-4.0005
-4.69802
-5.46789
-11.25581
-4.03674
-0.76133
-5.59837
-10.65781
-3.66334
-7.03256
-2.20181
-5.16271
-4.14144
-5.98614
-16.34363
-9.26789
-16.98318
-9.94412
-5.10431
-10.4174
-17.97066
-11.35287
-16.78034
-3.94927
-3.89247
-3.48519
-17.45411
-17.41915
-1.73791
-15.77369
-5.93838
-3.68182
-9.93845
-8.1635
-13.90715
-1.3752
-12.56758
-14.0794
-8.54274
-14.57075
-5.63955
-8.72792
-15.33952
-16.78956
-15.53484
-15.54076
-12.36869
-3.00113
-16.96871
-15.6944
-12.54781
-8.04
-4.26811
-1.41855
-10.58241
-16.09497
-14.15672
-12.82954
-3.85024
-5.64042
-14.2379
-2.90258
-2.53519
-2.1161
-13.04992
-15.59286
-16.12877
-10.79842
-10.27215
-2.37222
-13.18039
-6.71594
-3.81217
-13.15525
-13.19149
-5.95521
-4.92955
-0.72427
-2.70107
-3.20307
-5.53834
-15.86724
-3.43366
-1.16421
-10.96708
-12.35408
-8.59533
-0.7838
-17.08502
-5.24015
-3.33597
-3.80251
-7.79806
-1.42987
-15.57857
-13.58729
-12.47479
-17.84381
-11.32795
-15.10812
-4.95673
-10.53085
-5.31973
-12.71424
-15.62548
-15.6242
-14.34125
-15.92612
-14.03015
-7.57738
-13.38595
-11.82696
-17.05079
-1.94024
-15.5131
-11.72401
-11.16937
-4.10173
-9.29623
-11.10679
-5.47426
-7.25373
-16.59358
-12.3714
-0.38505
-9.29997
-10.36452
-15.30144
-2.89674
-15.60046
-16.10849
-10.09799
-10.14036
-0.33356
-15.7044
-9.29111
-14.37758
-5.36825
-10.94964
-6.32758
-11.9086
-7.83817
-9.55553
-11.26143
-8.32455
-11.09162
-3.49166
-9.08572
-1.74371
-13.98952
-15.98177
-11.14259
-14.69413
-10.92385
-14.2666
-2.37211
-7.77772
-9.04339
-3.82059
-15.65339
-2.57374
-9.30053
-15.5442
-3.25059
-9.70605
-7.11719
-1.91504
-1.96755
-1.92926
-10.49549
-4.50709
-13.80112
-3.03881
-11.849
-9.64958
-1.95495
-3.49668
-0.8548
-11.45749
-15.28047
-1.61261
-9.12322
-1.99079
-4.82268
-2.25355
-6.21499
-3.3773
-15.83395
-0.5707
-14.74237
-17.55895
-8.44547
-5.18558
-5.10447
-11.89381
-4.43103
-2.83392
-7.01979
-11.05214
-6.95566
-2.47985
-1.79151
-17.4327
-15.79683
-17.91875
-9.13604
-10.14496
-8.17557
-5.69436
-11.41589
-14.24561
-10.89323
-17.8378
-3.06996
-11.09293
-6.78981
-12.15494
-6.93338
-8.27216
-14.24593
-6.74417
-16.0268
-9.34045
-5.04219
-8.11687
-4.56712
-13.08307
-17.12127
-16.99253
-13.16294
-10.66199
-8.32491
-4.3621
-2.88703
-5.51374
-9.66224
-13.23923
-10.29956
-13.07887
-6.75967
-3.27228
-8.6726
-17.17489
-1.08452
-12.70289
-1.53881
-3.36477
-10.56375
-16.97933
-0.94133
-6.13703
-13.50623
-8.39635
-6.56333
-13.92013
-16.31627
-13.18562
-17.14315
-16.74024
-15.18147
-15.14869
-13.53687
-1.12627
-7.63524
-10.39491
-7.85161
-17.89719
-1.89456
-8.41836
-9.87029
-1.05117
-4.85265
-11.92642
-1.14917
-2.66404
-0.81839
-16.26797
-0.80487
-8.22811
-5.90013
-14.1797
-15.47277
-16.57103
-10.39836
-14.01571
-16.53079
-0.80881
-4.79896
-8.67862
-4.61975
-6.99375
-14.79541
-6.59814
-5.74178
-13.72552
-12.2374
-11.10059
-7.15416
-15.71746
-4.61739
-11.77156
-5.54809
-1.20803
-2.34226
-4.72354
-14.52011
-4.82266
-6.55579
-4.09416
-2.36135
-12.39345
-6.40253
-13.04751
-11.76687
-8.6284
-10.18506
-7.18865
-4.34229
-7.10964
-0.54359
-4.71384
-0.26979
-4.61807
-8.85746
-10.6019
-4.75811
-5.63176
-5.96224
-5.00789
-2.3009
-13.90031
-7.83189
-7.14058
-12.72858
-0.21691
-3.86032
-12.21721
-11.54818
-5.07135
-17.79312
-9.64727
-11.824
-2.62795
-3.75669
-12.02226
-2.43365
-1.5552
-8.05574
-15.13373
-4.13409
-12.2518
-8.50893
-17.1794
-8.99837
-11.15524
-5.65082
-17.26589
-6.75098
-4.10479
-17.76999
-4.50066
-15.65633
-5.43499
-9.80503
-8.06416
-11.92775
-13.5816
-16.72115
-2.43558
-7.01227
-0.30962
-2.69187
-2.3466
-7.23871
-16.54303
-1.55887
-15.87805
-8.69137
-2.5766
-9.49666
-15.01793
-11.28246
-0.20903
-0.00433
-5.20497
-2.01614
-17.20428
-13.03251
-11.35873
-17.78404
-11.21469
-16.32543
-8.68663
-17.92045
-13.1319
-2.4069
-14.16496
-16.83282
-13.50485
-3.10394
-7.43063
-7.45066
-17.98967
-9.50128
-13.21888
-11.94824
-7.22364
-2.26188
-14.73018
-4.172
-17.11976
-12.11888
-14.05957
-1.51949
-14.79604
-7.58463
-15.0339
-9.47729
-10.5588
-17.25557
-3.13438
-3.95797
-12.99855
-6.94809
-11.47195
-4.15391
-5.53528
-16.37159
-2.80461
-14.77033
-14.86603
-4.79256
-14.70148
-15.79685
-11.95951
-2.90318
-14.81744
-11.89669
-12.84743
-11.5909
-5.14311
-10.70162
-4.32762
-6.47274
-11.50021
-10.21967
-5.33479
-8.3744
-2.36988
-1.2027
-5.08127
-0.19427
-7.26234
-17.28305
-8.91266
-13.85983
-11.99316
-9.17874
-12.68909
-12.42681
-10.76371
-12.84377
-14.94898
-4.21992
-10.88619
-3.02837
-2.11109
-4.48266
-10.85988
-5.0162
-15.20603
-6.09992
-10.69142
-6.1984
-4.41377
-7.87164
-6.43539
-14.1565
-7.33141
-9.71146
-10.29505
-10.61432
-12.40337
-12.50398
-5.40528
-7.9596
-17.46086
-17.12655
-7.73786
-2.7669
-17.2084
-8.87028
-2.67956
-17.91994
-13.03571
-1.44144
-16.53355
-7.07406
-8.86713
-15.26977
-17.23523
-8.95343
-4.76766
-14.80963
-5.55624
-8.1651
-11.55876
-6.04025
-14.54442
-9.77524
-8.11251
-9.74348
-10.84498
-4.66355
-6.19018
-6.48968
-1.94759
-0.11699
-7.79032
-11.73118
-3.98024
-15.44222
-8.76763
-8.55885
-0.29758
-0.16188
-3.61415
-9.48572
-8.14994
-12.24465
-3.06278
-4.56217
-4.11434
-15.50383
-10.82459
-8.32767
-15.75616
-11.36479
-16.42621
-0.74086
-4.47726
-6.82653
-14.31258
-11.98571
-15.39927
-8.34985
-3.23071
-17.65734
-16.14044
-13.8717
-5.1468
-1.90836
-4.44578
-8.55094
-16.10798
-4.41154
-16.09848
-11.74158
-12.45615
-11.53398
-12.06848
-4.15477
-14.90897
-2.77477
-2.55132
-9.16334
-16.08932
-7.64267
-3.22324
-12.78948
-2.92055
-5.81546
-0.22956
-3.1552
-14.37299
-9.91793
-16.13685
-16.74593
-5.29102
-1.56723
-0.47564
-13.13161
-14.36812
-7.91604
-14.38452
-12.67367
-2.92993
-3.41167
-1.88868
-9.31962
-7.84646
-4.12939
-13.69322
-3.18432
-17.68397
-3.64212
-4.03366
-12.56796
-4.89758
-14.14811
-7.62781
-5.38944
-5.13542
-0.30717
-14.7239
-9.34562
-2.15812
-7.89277
-2.225
-10.18694
-3.68367
-2.33911
-2.76409
-2.31543
-14.04802
-10.09829
-14.85771
-14.75026
-9.21911
-0.71842
-7.3456
-2.63079
-1.13069
-16.44164
-15.08285
-12.76485
-6.89801
-16.88887
-3.84022
-16.8518
-15.14823
-11.12926
-7.96104
-2.13292
-0.65286
-2.07644
-16.0732
-6.63787
-10.04914
-15.73574
-8.00798
-11.58015
-11.77582
-16.29999
-0.38065
-4.93272
-12.95398
-1.48545
-0.93443
-3.41325
-6.13233
-11.22522
-10.18176
-9.8098
-0.92227
-4.31758
-12.74374
-6.75647
-7.30979
-3.38171
-16.28445
-5.37711
-12.03894
-15.66662
-4.82808
-12.03037
-4.85777
-15.07613
-0.2533
-3.53866
-12.79527
-4.67056
-15.5556
-6.23813
-16.92654
-11.99903
-0.38767
-15.82343
-7.24637
-16.7291
-5.95078
-12.98408
-12.42044
-11.91955
-14.30718
-1.05017
-1.69503
-2.33973
-16.08398
-13.79799
-6.97993
-0.53332
-7.11329
-12.11217
-3.28673
-15.56225
-2.12865
-0.45582
-0.58225
-15.34146
-8.10706
-7.47146
-14.49147
-8.15801
-6.36232
-12.07869
-12.31775
-16.91571
-0.77714
-3.53491
-4.32992
-17.60798
-6.76244
-14.74869
-6.08908
-6.8192
-2.66534
-13.40219
-17.50569
-1.546
-1.64455
-9.79453
-16.59441
-9.03656
-8.56774
-3.20894
-5.09217
-16.72552
-5.30392
-15.55669
-16.3895
-10.82507
-16.60746
-3.07316
-9.66367
-7.43393
-7.61644
-0.39402
-1.51591
-2.71569
-11.10115
-15.38821
-7.34639
-10.07431
-13.94052
-16.24154
-10.15032
-6.28438
-6.74298
-4.06941
-9.60202
-12.21049
-8.30339
-0.44989
-17.18837
-8.48402
-12.07324
-16.1037
-10.17593
-6.45905
-8.49302
-17.47482
-7.57589
-13.82395
-11.85342
-12.38031
-2.54676
-17.14369
-11.73606
-10.89331
-6.86098
-3.79863
-4.90203
-4.4528
-14.53703
-1.58873
-10.54532
-17.80004
-5.97427
-7.12795
-15.73276
-0.72238
-7.89184
-9.55325
-10.8338
-14.22268
-0.84937
-5.36114
-7.78313
-6.6384
-2.87243
-6.55703
-15.93737
-5.44869
-7.83235
-0.60581
-4.79305
-11.80795
-15.56284
-9.31895
-5.77162
-14.80904
-6.31
-3.13899
-15.1731
-5.29586
-16.77136
-17.8569
-17.41258
-6.63292
-0.47948
-4.1153
-13.42063
-16.7096
-6.90023
-17.94188
-3.73346
-13.62383
-12.61409
-11.80838
-4.25605
-13.21665
-12.87952
-8.26215
-9.66599
-0.79975
-13.25886
-16.34596
-8.26233
-14.67865
-10.55472
-14.63044
-2.14254
-12.10591
-4.05238
-0.92514
-1.07009
-8.55358
-0.30141
-6.19313
-15.6872
-2.00922
-9.56359
-15.2515
-3.75441
-6.76075
-2.12182
-3.1082
-12.23801
-13.38634
-4.79109
-7.68037
-16.74225
-14.73052
-15.27564
-7.38366
-16.45628
-14.26138
-8.18322
-15.60498
-13.53111
-1.67776
-5.45188
-12.47613
-2.20761
-13.49487
-7.39651
-11.3671
-4.46131
-11.31143
-13.52049
-7.06132
-4.58387
-8.34545
-5.10681
-10.40371
-3.68197
-7.46956
-14.4675
-1.96647
-2.93717
-0.64958
-7.75785
-5.83666
-2.45557
-17.05336
-1.58032
-13.11906
-16.97321
-13.72307
-7.44552
-17.13875
-17.98623
-6.49147
-9.83903
-2.80206
-13.36415
-12.94726
-16.60416
-8.30679
-11.41372
-11.88526
-9.76261
-2.70563
-16.10661
-8.57531
-14.46417
-14.17696
-13.37877
-9.73077
-9.1008
-2.3128
-1.94198
-7.44004
-12.93473
-3.26813
-3.72812
-3.63684
-17.70538
-4.43045
-2.65105
-7.10941
-4.4776
-4.02894
-8.8815
-3.35483
-3.73876
-1.51012
-1.41527
-8.46514
-17.43311
-17.65608
-1.09932
-11.9275
-11.2044
-9.54166
-13.21562
-7.37254
-3.87683
-13.36785
-4.6249
-5.90366
-8.5395
-12.14204
-2.29006
-10.74967
-11.25606
-6.45532
-1.43403
-8.85568
-4.99157
-9.77611
-14.06146
-15.76886
-15.54612
-17.61614
-8.04776
-15.64009
-2.41743
-0.30784
-9.07436
-9.90587
-11.7347
-6.51551
-7.05551
-11.81912
-11.823
-6.39353
-8.01817
-5.066
-1.05494
-3.96735
-12.52178
-4.3358
-9.89956
-4.00218
-2.04172
-13.50109
-13.70439
-10.21275
-17.07239
-5.65765
-4.50538
-11.78226
-9.62487
-7.37358
-16.67524
-5.19664
-8.51937
-6.76328
-4.97105
-5.83994
-16.28421
-3.91334
-7.01916
-5.13214
-13.29297
-14.01431
-3.13034
-10.97299
-7.64376
-8.07128
-7.467
-16.74888
-12.55547
-16.80335
-9.3571
-1.76222
-10.99483
-3.9159
-12.82957
-2.58722
-10.44894
-11.60609
-5.44537
-8.77037
-11.92824
-16.95434
-15.00049
-4.09817
-1.42683
-14.96091
-7.75006
-17.38487
-12.76482
-9.92182
-4.7542
-17.20606
-3.93785
-14.35234
-4.32843
-6.74153
-11.88763
-4.97247
-13.74619
-14.0449
-16.88859
-10.92461
-16.24128
-10.44898
-17.82354
-15.2085
-1.21731
-3.67989
-13.74906
-5.07074
-5.96733
-14.81534
-11.32095
-1.5533
-4.70308
-4.31371
-7.85005
-6.02028
-8.84271
-4.66391
-4.8109
-17.4405
-6.62806
-6.66335
-16.78824
-10.61314
-1.8218
-0.8381
-3.9202
-15.27352
-11.25504
-14.71404
-6.26155
-4.0834
-2.09222
-2.50833
-16.21422
-15.73787
-1.62591
-2.81188
-9.71319
-10.25906
-8.04961
-7.26055
-13.4241
-10.73265
-6.84553
-14.28719
-0.021
-12.90709
-8.05652
-8.02513
-9.87327
-13.65222
-7.82364
-16.36174
-11.03533
-13.96346
-15.7648
-1.34131
-5.40103
-14.96108
-0.91087
-14.11214
-13.75896
-15.60113
-4.89864
-7.72424
-16.95148
-17.5446
-8.41213
-6.27244
-3.18827
-9.39109
-5.82245
-4.7942
-6.96505
-11.66011
-15.62588
-6.34431
-4.16347
-14.58311
-9.0924
-10.84958
-14.29734
-13.58436
-13.72187
-10.45924
-10.97169
-8.02478
-16.32221
-7.53749
-17.60677
-13.36725
-8.96152
-5.63515
-4.11722
-17.3599
-8.32524
-11.62014
-5.49164
-12.89196
-4.61297
-7.15974
-3.7859
-0.28091
-1.64545
-7.32078
-1.91228
-15.24438
-17.22537
-8.4036
-0.46134
-5.22474
-12.50744
-5.96212
-17.28166
-9.52885
-13.7294
-17.11443
-13.50161
-4.99571
-8.0786
-17.57817
-10.62472
-4.46092
-0.81712
-2.26156
-17.97264
-14.06336
-14.26074
-10.5643
-6.37642
-15.24476
-1.51778
-4.0119
-10.45203
-7.48812
-8.24756
-7.51986
-2.51793
-14.39785
-5.69315
-16.07341
-9.73505
-6.5549
-17.77497
-16.05481
-16.3572
-11.25553
-6.80384
-0.07263
-13.42658
-15.55273
-10.53427
-15.37244
-17.5582
-7.84874
-2.16769
-2.5047
-16.18581
-15.34542
-9.15982
-11.3811
-5.34466
-9.09106
-17.63787
-12.87784
-1.77315
-8.79284
-3.63692
-10.75867
-5.81465
-14.95794
-4.7424
-3.84154
-16.37748
-14.70041
-9.66799
-6.52614
-6.52516
-5.97235
-5.14053
-8.8962
-7.6526
-17.84869
-15.00119
-9.02585
-4.57932
-3.43935
-4.87901
-9.24475
-12.937
-9.99511
-17.83269
-7.23673
-16.6578
-15.38298
-6.73242
-17.75972
-7.676
-6.50916
-3.81105
-16.77545
-17.94723
-4.19656
-12.77903
-2.03031
-14.67057
-7.4609
-16.03063
-10.75158
-2.12284
-7.04974
-5.58689
-13.93253
-1.39048
-6.77732
-16.09406
-17.72006
-17.71339
-17.07819
-1.59091
-11.54918
-12.63181
-10.50218
-10.62771
-13.70712
-16.3471
-16.04472
-7.2146
-10.85697
-1.7558
-9.65274
-8.93715
-1.29159
-8.97047
-8.96432
-11.46307
-5.21259
-10.9399
-7.4102
-9.94688
-8.48259
-3.11351
-10.55281
-13.8586
-7.73423
-1.12484
-5.52218
-12.44946
-0.66611
-11.8311
-0.30143
-14.54418
-0.00631
-16.6337
-5.16168
-4.67205
-5.76766
-4.00308
-9.50701
-17.02595
-11.56044
-6.43834
-6.36755
-14.48651
-13.44591
-9.23943
-4.88501
-2.64963
-16.44327
-1.33884
-1.30083
-17.85719
-8.88463
-7.4314
-8.03316
-6.91611
-8.93968
-12.71148
-16.27732
-14.24917
-4.67541
-13.66086
-3.06521
-10.73721
-10.53943
-2.36702
-14.1428
-14.58685
-0.26268
-8.26912
-14.57063
-15.01551
-2.49003
-7.20277
-15.92931
-2.03565
-10.00971
-0.19157
-12.92831
-8.48129
-14.88419
-10.08529
-14.82232
-12.46984
-13.14242
-12.90431
-0.54313
-17.30796
-9.05649
-6.67358
-6.1063
-4.41818
-4.30262
-0.80095
-4.39798
-3.17359
-8.41832
-6.16188
-9.39376
-13.02449
-12.3591
-11.51041
-11.86842
-8.4031
-13.54263
-8.70044
-1.50766
-10.69265
-13.99237
-11.75659
-2.21603
-1.04944
-2.03964
-12.82774
-11.01878
-0.45119
-12.17066
-15.51852
-12.9223
-0.6484
-10.51424
-1.19013
-16.12652
-4.211
-16.31982
-14.44508
-6.91016
-10.17939
-5.99986
-0.47869
-17.05115
-14.55072
-6.47597
-1.86252
-3.64234
-9.61952
-4.58146
-14.25424
-17.75285
-7.7397
-3.3616
-10.19802
-7.75352
-10.40074
-8.74732
-2.08177
-9.39348
-17.86544
-3.60272
-6.88109
-4.85292
-1.78043
-12.84814
-8.94474
-7.1553
-11.78296
-2.77079
-5.44381
-4.79866
-3.45587
-13.35448
-4.57845
-4.07148
-2.83693
-9.20632
-8.92459
-16.23279
-2.66182
-8.39721
-7.30018
-15.81407
-7.16719
-17.24421
-1.38224
-2.45633
-14.50229
-7.31159
-7.15142
-3.53822
-4.37543
-0.12162
-11.68487
-15.75662
-7.67751
-4.24815
-12.85572
-13.74829
-3.55582
-4.433
-14.33894
-2.35313
-15.57487
-16.03368
-11.68007
-2.04241
-5.48208
-10.89507
-15.16948
-5.15742
-7.21535
-0.22171
-4.21993
-16.16177
-4.89213
-13.36595
-0.68588
-17.65307
-13.70969
-9.01803
-16.57677
-11.80687
-9.04977
-9.9552
-9.70947
-2.17759
-8.90476
-1.06116
-15.34083
-12.95539
-6.18272
-12.90379
-11.74903
-1.78149
-8.30593
-11.97611
-4.01919
-16.72803
-7.85407
-16.20595
-14.81669
-16.87598
-1.76971
-17.13232
-8.7045
-13.95041
-11.0954
-9.11419
-9.89892
-4.53443
-1.5861
-12.5951
-17.55827
-1.90898
-0.38189
-10.19968
-9.7958
-15.40519
-9.44058
-12.53971
-0.10116
-14.67274
-11.18544
-6.90296
-11.78778
-9.46038
-0.47729
-8.85472
-1.61423
-17.22451
-15.84327
-0.99879
-15.68284
-4.74208
-9.97194
-10.67853
-6.13404
-4.90319
-1.22455
-13.37606
-5.43455
-11.83886
-5.08302
-15.44191
-9.76423
-14.69466
-11.94397
-5.11867
-13.7997
-5.67209
-9.07308
-16.34334
-11.0395
-2.35429
-0.19276
-11.35942
-17.01225
-15.65662
-3.81333
-6.19583
-12.86978
-10.95663
-3.3993
-10.56402
-4.39608
-12.6863
-4.95339
-9.60485
-8.18362
-7.2228
-9.88966
-9.60956
-13.21724
-0.25624
-1.69533
-8.50711
-17.37667
-14.9683
-2.62917
-1.24538
-15.09674
-4.77866
-6.78558
-12.53907
-10.15035
-5.80915
-16.17667
-14.59723
-17.40033
-1.76037
-7.66987
-8.57831
-5.28767
-0.2097
-14.89973
-15.60409
-12.69376
-1.72901
-10.59371
-3.71706
-14.34729
-9.1151
-15.70553
-10.56783
-13.27892
-8.11023
-3.95269
-1.10933
-12.89083
-4.62363
-2.05934
-15.75267
-7.45322
-6.98677
-13.09707
-17.59474
-13.37935
-7.47478
-14.46403
-12.82779
-5.2574
-10.83032
-16.82234
-10.81501
-0.00416
-13.30107
-13.22538
-14.94204
-13.11053
-7.65444
-0.63716
-7.06149
-10.62274
-10.98659
-17.56393
-17.95424
-3.65052
-9.17711
-17.40223
-12.85151
-11.57973
-3.9008
-10.18104
-3.7926
-6.59279
-17.40355
-0.5636
-14.73421
-13.03885
-3.43271
-14.58288
-10.78042
-2.43016
-6.5291
-12.56255
-6.40711
-3.37276
-10.72999
-7.70986
-0.2173
-0.63787
-8.83733
-16.26946
-5.38772
-13.16483
-5.94945
-11.6684
-5.06235
-11.38819
-1.05849
-15.53989
-16.76871
-3.93842
-10.77613
-9.61964
-1.19129
-7.38143
-6.11693
-17.64961
-5.93074
-11.00965
-9.71614
-3.4551
-8.57172
-0.23633
-3.6574
-4.88535
-7.40364
-10.57686
-17.0483
-17.66707
-17.15834
-0.74095
-12.18218
-5.38903
-7.30234
-7.70998
-7.57365
-12.55868
-2.04241
-1.45429
-6.39854
-2.44891
-16.92034
-16.19296
-7.93681
-2.76287
-12.32227
-8.13499
-17.82071
-0.24066
-4.19434
-11.49446
-0.30577
-16.3363
-9.64484
-16.94068
-11.97063
-14.05144
-12.30208
-0.94663
-10.31063
-12.15251
-6.4661
-5.69935
-0.29216
-8.17096
-4.45385
-11.12103
-14.92141
-10.26296
-10.46203
-10.42896
-5.48243
-10.69304
-0.82507
-0.31051
-8.57949
-7.94801
-10.66273
-11.59932
-0.26412
-17.26818
-10.61845
-15.27587
-4.92696
-14.49998
-2.07638
-11.2594
-1.49132
-0.24187
-4.11891
-6.78316
-15.30177
-1.20491
-4.0164
-12.81518
-9.56697
-16.78203
-6.13799
-15.74524
-6.27244
-5.91203
-12.15668
-0.92407
-3.97867
-9.05879
-1.46575
-2.59482
-5.54007
-15.24662
-9.05267
-2.44039
-7.03995
-8.18079
-0.80596
-17.70213
-17.78317
-1.92923
-17.30633
-12.01421
-1.36754
-5.55925
-6.33314
-6.17403
-12.28243
-8.4504
-6.66048
-12.49712
-3.68345
-12.20853
-16.71401
-14.37382
-10.64861
-1.65499
-10.51629
-16.38353
-14.46378
-8.19959
-14.80219
-16.84882
-5.13309
-3.88175
-2.6886
-2.80919
-11.17333
-4.77954
-7.4963
-17.57944
-10.77123
-17.04818
-16.49959
-16.99196
-0.70296
-2.80438
-10.09612
-13.53605
-16.69589
-10.23847
-7.19365
-3.65214
-17.0719
-10.47834
-0.41657
-15.82703
-10.79461
-13.049
-15.58729
-2.89898
-5.45193
-10.59198
-11.35679
-3.10052
-16.36589
-15.357
-1.6821
-3.29028
-4.0522
-6.76843
-12.7359
-1.17384
-9.14636
-12.94885
-11.41966
-17.69686
-13.40714
-14.61679
-15.55998
-17.42148
-13.91624
-16.13666
-17.18747
-15.5282
-14.35674
-10.51268
-7.49348
-12.19921
-15.45733
-1.07417
-8.73263
-4.64615
-5.50017
-12.87186
-7.92249
-7.16105
-11.66776
-5.9262
-3.76782
-11.44421
-17.73152
-11.71195
-15.89732
-15.19906
-11.41291
-14.26282
-1.172
-6.24955
-8.66945
-17.82496
-16.13488
-3.8074
-10.98461
-17.18112
-3.13994
-12.55237
-11.04668
-0.46136
-17.72077
-5.01616
-0.92008
-16.85053
-2.41061
-10.50765
-2.19606
-12.45106
-0.31207
-6.35311
-6.71237
-3.49374
-10.14145
-13.34395
-13.26726
-12.04913
-6.88765
-2.90898
-9.0076
-10.73793
-3.71074
-12.78598
-5.59737
-16.09551
-15.96171
-6.407
-16.51049
-15.20908
-6.76136
-10.11233
-7.89666
-0.41503
-6.6247
-7.36469
-11.15751
-6.6442
-17.76601
-7.96824
-16.75985
-14.0369
-7.86382
-5.97689
-11.07366
-10.45836
-9.0356
-4.33666
-17.6827
-9.95278
-17.74308
-12.25545
-8.64272
-16.56145
-9.26616
-1.35767
-5.66384
-3.91945
-7.55254
-1.86554
-15.35635
-9.90385
-7.2534
-2.27744
-12.45582
-17.9797
-0.46055
-17.53241
-15.2574
-10.40317
-9.06534
-2.97961
-9.93928
-8.14628
-14.4
-7.75514
-11.72909
-16.22282
-0.96367
-16.52968
-5.79818
-1.65252
-14.77432
-13.73188
-10.31928
-12.69882
-4.3374
-11.91324
-0.25496
-2.54183
-1.88381
-16.85404
-14.82645
-14.95137
-5.90464
-17.7856
-3.48433
-8.15317
-7.80637
-8.32794
-8.36377
-14.43805
-12.90277
-9.22289
-5.7988
-13.10483
-3.48957
-3.40932
-13.07017
-7.91884
-11.71939
-14.56766
-3.492
-0.15334
-7.81705
-1.54896
-6.44096
-7.81697
-9.35739
-13.75713
-16.48341
-10.03795
-7.89642
-8.82991
-5.47973
-14.54222
-11.62435
-10.51979
-14.64258
-1.68364
-5.73279
-16.34648
-5.16964
-8.13982
-8.56907
-0.18386
-6.87239
-1.85889
-1.55612
-16.17446
-17.84948
-10.1652
-4.15287
-3.16447
-3.82511
-9.94882
-4.50065
-5.06202
-12.35125
-14.96303
-6.81446
-5.81244
-7.77653
-14.16277
-13.01988
-5.24725
-0.6728
-0.99296
-8.64615
-2.04193
-17.46988
-2.49926
-9.42929
-3.93251
-17.89951
-2.36591
-7.29037
-13.67585
-11.74531
-14.38801
-10.3607
-12.05989
-8.37894
-3.33388
-0.31905
-13.47376
-16.08285
-10.87799
-15.41602
-2.98368
-8.97975
-6.84068
-15.28897
-4.50704
-0.47553
-9.31707
-0.67577
-17.37511
-17.35699
-0.71977
-5.39522
-14.60358
-11.45025
-8.86044
-5.35252
-2.84352
-16.51218
-6.18167
-9.41919
-7.2428
-8.84643
-9.88753
-14.30077
-9.49795
-14.58621
-17.19699
-11.27116
-17.5508
-7.87419
-16.69694
-10.12403
-0.35743
-17.82213
-11.39662
-5.88127
-15.1395
-7.90679
-13.35257
-13.99016
-1.8903
-14.34095
-11.22207
-14.94724
-12.89002
-12.72408
-12.11809
-6.4608
-4.63333
-8.80795
-7.01143
-3.36116
-0.00791
-9.78289
-1.14418
-9.17334
-3.924
-7.68199
-2.08729
-9.92334
-5.47533
-9.60633
-2.57351
-0.10136
-13.62033
-9.4619
-16.53738
-15.46208
-1.2753
-8.21495
-10.88791
-5.91331
-7.9171
-12.80308
-13.92094
-7.37568
-14.61122
-15.4949
-12.26902
-2.49586
-17.33725
-3.00121
-6.82247
-17.27329
-7.1633
-10.33165
-2.8597
-1.67042
-12.84312
-3.88494
-12.42355
-12.67856
-14.53251
-5.7872
-13.28966
-9.63255
-3.38169
-3.74557
-2.60203
-15.10084
-7.43593
-1.53288
-17.2431
-3.69852
-13.56773
-5.94624
-5.08671
-1.33947
-8.84161
-2.73184
-17.18428
-10.43023
-10.08866
-8.31099
-9.33587
-0.57669
-16.58629
-13.2297
-0.56468
-9.98455
-7.71917
-16.54154
-12.88708
-17.28627
-15.52491
-6.60033
-4.2548
-2.33847
-13.47364
-12.00845
-7.75083
-16.49365
-3.47907
-9.30074
-0.62086
-15.88831
-15.60077
-11.72561
-14.27828
-5.46138
-0.95741
-16.38172
-13.63975
-13.71783
-8.83668
-9.86354
-4.91641
-4.81264
-7.69042
-7.3616
-2.8383
-10.85514
-17.77783
-14.16545
-17.36348
-10.91707
-11.55896
-16.22466
-4.40954
-8.04491
-13.93737
-4.33573
-5.97724
-14.55129
-0.30801
-14.80633
-4.1094
-0.57084
-4.94096
-6.01601
-1.74021
-13.15562
-13.0112
-6.45911
-2.12152
-6.88727
-0.41312
-13.98776
-3.13417
-1.30925
-10.31396
-0.68431
-14.36134
-0.84899
-1.74945
-16.80937
-8.61603
-8.4809
-16.97448
-17.28844
-17.90826
-8.55884
-9.65132
-1.07172
-11.83849
-6.15191
-17.86386
-6.05631
-1.55772
-11.61418
-12.34697
-6.73146
-12.08606
-10.75647
-13.0839
-11.79199
-5.77061
-1.39725
-7.50392
-17.8194
-13.24993
-0.85971
-1.61421
-15.91835
-1.64849
-0.63848
-12.15771
-5.38188
-7.92032
-11.93311
-15.23996
-11.39544
-1.29966
-3.39753
-12.04786
-8.14184
-10.69269
-9.60772
-4.29821
-8.22589
-14.7412
-13.15736
-7.77971
-5.52925
-8.85383
-6.83621
-3.79121
-8.18295
-0.41055
-13.75976
-1.44561
-13.54212
-8.4304
-9.79368
-11.2881
-0.67078
-13.09857
-5.85236
-3.52677
-14.45388
-0.48325
-8.16047
-1.53917
-6.05014
-6.31032
-11.77945
-4.12938
-17.46385
-7.99523
-17.4215
-12.47631
-16.26668
-1.59136
-6.69131
-5.96681
-2.67969
-4.80542
-15.76448
-6.88431
-0.39293
-14.14591
-6.84515
-7.85494
-10.95037
-0.81656
-11.58479
-16.31375
-0.67423
-4.87404
-11.8359
-12.95079
-1.29552
-13.0761
-8.33116
-14.13081
-0.08614
-4.14885
-7.78257
-4.57512
-1.50538
-0.66376
-3.85166
-2.71681
-10.83971
-10.94719
-3.45066
-4.32675
-1.78233
-15.60583
-5.56536
-6.34233
-3.62664
-17.55806
-3.12746
-12.12432
-5.6318
-6.90193
-10.07643
-4.5715
-0.69806
-12.17745
-4.52815
-12.33833
-2.77824
-10.12908
-9.91322
-4.10615
-9.06895
-13.2004
-0.08034
-6.83594
-6.38731
-6.36153
-2.09954
-14.6903
-16.93527
-11.03939
-7.83171
-12.85723
-5.59427
-16.66951
-3.76723
-5.07445
-14.14899
-12.62782
-3.47396
-4.07992
-3.35221
-12.19963
-0.54772
-5.12391
-16.82639
-9.40077
-6.03815
-14.9643
-1.76816
-4.42604
-16.53423
-1.56243
-10.72135
-9.85555
-3.90405
-6.40804
-10.12448
-13.32676
-8.69588
-7.57476
-6.64322
-7.10886
-6.88854
-9.43672
-7.88602
-12.80451
-15.14925
-7.07516
-17.15402
-16.82627
-13.54831
-14.50211
-11.26596
-11.3168
-15.8966
-13.56295
-17.91775
-11.68265
-3.66417
-13.20912
-6.41973
-16.23141
-17.77888
-9.02886
-9.69329
-14.55265
-12.84147
-17.44791
-3.6396
-12.57691
-14.04978
-3.51616
-17.29307
-12.87854
-13.27046
-13.26649
-17.79308
-1.17591
-2.44539
-10.53912
-9.98217
-8.56522
-9.39031
-3.97559
-9.20844
-14.60116
-15.89451
-1.47111
-17.12911
-1.84391
-5.57137
-10.71532
-14.63079
-12.41132
-8.46227
-6.17668
-5.5535
-9.94871
-11.26847
-4.17029
-1.34256
-1.53963
-8.07083
-16.57763
-16.68078
-10.7504
-4.80864
-9.04781
-6.70748
-2.82026
-17.27396
-1.3713
-12.04385
-17.15783
-2.96229
-1.18523
-4.1648
-3.51872
-2.31645
-8.59746
-5.75167
-12.84387
-13.50539
-7.03903
-4.77706
-10.85147
-10.79476
-0.8238
-8.66771
-0.24688
-2.46883
-6.48616
-17.83556
-12.67335
-10.48241
-6.24933
-10.88058
-3.09917
-6.06771
-11.75112
-3.88019
-12.54437
-16.86984
-14.89399
-17.95067
-3.01769
-6.71205
-7.72975
-6.08313
-6.23523
-7.821
-2.83662
-10.06295
-3.51343
-3.84059
-14.40891
-9.83226
-2.97122
-3.04461
-17.56788
-13.9851
-10.37026
-17.15122
-13.30876
-13.3506
-14.13777
-10.86014
-3.36581
-13.60595
-7.52279
-7.96359
-3.27737
-10.90801
-13.97576
-1.95263
-3.00695
-6.81293
-16.32169
-17.70988
-14.71276
-14.46051
-15.54755
-13.28074
-11.91801
-4.42011
-5.2286
-16.12117
-0.41207
-4.46149
-15.0582
-15.75906
-16.42416
-4.8278
-13.74684
-16.68658
-10.4071
-5.24343
-12.51798
-9.31238
-14.53185
-10.27533
-11.53904
-10.18947
-9.61719
-16.33862
-16.31937
-13.30901
-15.91635
-13.44988
-17.55821
-11.68669
-14.15862
-1.94137
-2.55316
-12.59246
-9.44127
-0.79574
-8.56627
-2.7282
-3.12525
-1.0568
-12.49739
-17.21798
-16.12883
-7.71664
-8.455
-12.62785
-13.52316
-5.23113
-11.87095
-7.12887
-5.17872
-10.25162
-14.51869
-2.50596
-16.31644
-3.06953
-2.93977
-7.72201
-6.66943
-11.55569
-2.85148
-13.25333
-7.92403
-17.96769
-1.08282
-0.93066
-5.2125
-10.38168
-14.785
-9.13567
-3.75461
-7.10507
-8.50506
-2.71
-12.36359
-2.52065
-10.08984
-17.95655
-4.82504
-2.19882
-9.2815
-9.81454
-3.50193
-2.07405
-0.46044
-11.77829
-7.2956
-3.18747
-8.42667
-9.68664
-7.70522
-11.57639
-14.54263
-16.80064
-7.02035
-11.17558
-2.10685
-13.98673
-12.40719
-0.53089
-7.98676
-11.75845
-2.5039
-4.61925
-7.68343
-1.99621
-16.30869
-10.89911
-3.4101
-11.05303
-1.31874
-15.25462
-11.94053
-10.33663
-5.63468
-14.48371
-17.82245
-0.42283
-1.82237
-12.596
-9.29734
-9.19944
-2.35394
-7.25292
-3.12424
-1.58411
-7.81284
-12.86132
-9.02326
-2.68435
-7.49485
-1.87701
-1.88215
-11.27953
-9.93395
-5.79755
-16.00084
-9.61997
-15.31106
-2.73679
-1.02988
-15.45212
-5.98785
-6.54222
-4.31865
-5.47597
-14.09168
-12.75817
-15.02582
-1.41941
-8.60718
-0.4291
-9.91221
-8.05098
-3.79271
-3.64997
-13.83931
-12.81091
-16.23948
-3.50164
-3.71049
-16.53734
-13.36621
-9.90239
-8.24798
-8.5942
-0.30464
-4.24574
-15.96262
-12.71696
-11.78231
-12.32733
-3.85298
-11.5099
-9.13632
-8.39782
-13.13237
-12.19148
-3.96004
-2.39971
-17.33256
-7.10722
-6.59816
-4.72843
-5.51076
-2.20636
-16.5875
-11.0093
-3.92239
-2.76156
-13.23417
-7.46489
-14.74623
-2.6839
-4.85226
-14.00283
-6.77208
-8.83223
-13.34112
-1.92379
-15.33889
-9.58572
-7.50963
-3.17618
-15.29676
-7.03486
-17.88192
-3.19354
-13.77482
-5.02352
-7.1662
-17.09771
-14.70186
-13.18067
-2.0389
-9.34554
-1.55694
-17.1459
-17.88185
-0.93156
-4.9695
-3.9003
-1.5155
-0.2783
-16.24118
-15.15076
-14.60568
-3.26848
-11.6001
-7.32111
-2.60601
-5.70312
-16.82252
-9.97787
-16.785
-9.38082
-14.05255
-17.97645
-3.36327
-0.55111
-0.64561
-12.61467
-3.08208
-5.78202
-3.59862
-2.76772
-0.35498
-15.26887
-4.14457
-4.78524
-12.82075
-10.93342
-14.81836
-1.56108
-2.17196
-6.94737
-8.79066
-13.80801
-3.78714
-17.85231
-9.66984
-2.51008
-6.86726
-6.56779
-16.72727
-12.83931
-5.87048
-17.10689
-12.04316
-11.629
-9.02307
-11.47725
-9.82588
-8.15405
-15.68974
-14.75144
-3.0148
-9.72418
-11.60726
-10.19013
-14.85327
-13.68275
-8.72058
-11.53932
-9.44179
-15.30532
-15.18357
-11.08903
-11.18056
-2.10002
-17.39788
-0.1286
-0.78258
-8.23948
-5.06236
-1.16542
-13.47851
-12.31865
-16.00336
-7.85077
-15.12993
-1.24433
-10.2318
-1.44564
-14.3082
-5.50734
-6.34334
-10.80584
-1.82982
-10.17356
-14.42825
-0.41426
-10.05333
-14.25469
-11.45461
-6.95683
-8.7835
-6.56789
-6.08657
-15.77914
-12.33207
-4.52338
-6.29339
-16.40973
-12.32734
-1.2362
-2.48377
-5.92843
-16.68845
-7.07301
-17.78061
-6.09972
-4.83819
-9.04961
-17.93148
-6.00102
-3.24468
-7.45439
-5.23444
-16.37422
-5.12421
-6.94453
-12.04164
-5.66399
-6.37951
-7.20972
-14.70698
-12.66801
-0.15511
-10.20403
-16.93032
-1.8179
-14.88722
-10.73664
-12.99602
-0.65024
-11.19423
-5.24309
-7.22911
-17.22645
-11.08234
-10.9796
-0.183
-3.38528
-2.58022
-12.35662
-12.07702
-8.7191
-6.64173
-4.89072
-3.22557
-2.28236
-17.55673
-3.67027
-7.00493
-8.42247
-6.68761
-2.12511
-8.18476
-15.08062
-10.13801
-1.35973
-3.33929
-14.34518
-5.14541
-13.38792
-11.72633
-9.55949
-10.06435
-17.47296
-4.06783
-2.76505
-8.44302
-14.88688
-13.53712
-15.72598
-14.94889
-2.22485
-9.35707
-16.00176
-13.41459
-0.90897
-8.83322
-8.71858
-8.53839
-15.9909
-0.53435
-16.47926
-5.39931
-16.96023
-10.01535
-1.80579
-4.168
-11.97583
-8.07574
-15.02506
-0.78984
-5.24381
-11.26271
-12.27718
-13.7045
-3.84265
-10.17694
-12.05609
-1.70601
-15.29608
-13.25096
-11.79422
-13.32267
-7.46275
-7.18144
-17.01452
-15.39848
-14.42648
-16.73409
-15.75428
-13.68627
-11.77883
-3.75644
-14.07771
-5.93954
-16.95814
-6.15166
-3.69505
-7.11346
-14.37494
-12.05266
-3.50674
-10.22451
-13.40578
-1.21155
-6.52761
-3.49714
-17.55897
-11.89194
-9.73986
-7.42641
-14.58051
-9.03684
-5.65874
-11.77423
-5.55404
-10.98623
-9.54966
-15.58273
-6.27706
-13.96304
-3.0807
-8.03802
-7.91538
-1.57542
-14.98675
-8.45578
-11.12031
-0.60617
-3.73115
-4.36498
-14.32582
-13.72818
-17.47475
-6.50636
-11.32496
-12.38327
-6.53344
-3.08362
-15.60547
-1.46409
-17.38312
-16.28809
-2.91369
-9.13133
-1.09341
-9.69025
-1.32979
-13.68667
-6.90391
-0.09958
-11.23087
-17.97382
-16.84706
-2.53693
-9.14606
-8.33907
-3.61033
-3.39158
-9.40642
-2.55491
-9.56835
-5.84962
-17.39949
-15.51601
-2.67444
-12.36387
-11.97461
-6.06616
-7.33431
-16.5206
-4.21623
-6.89
-2.60403
-8.36106
-10.54215
-11.31587
-17.92046
-17.28388
-15.63819
-1.26833
-2.14829
-9.05047
-14.75646
-15.37
-13.38965
-1.64299
-8.61357
-3.52725
-8.87842
-7.02995
-7.01815
-17.43592
-9.98517
-2.44712
-9.19622
-10.16396
-8.52218
-11.14619
-8.7228
-15.56379
-0.57696
-17.38566
-9.30227
-14.22013
-16.9496
-6.2693
-0.26674
-4.50711
-13.42763
-9.119
-17.10393
-8.42994
-16.20966
-3.69706
-16.97928
-17.8315
-2.49197
-1.03424
-16.44203
-12.9795
-4.64945
-8.28624
-0.91374
-10.99476
-17.94019
-17.64458
-7.83262
-4.4621
-3.76889
-1.59269
-13.87666
-4.70869
-3.11223
-2.94704
-10.59222
-6.73231
-8.07182
-7.24525
-12.92344
-5.70178
-5.21969
-14.47293
-10.01462
-10.4021
-4.51889
-6.00294
-9.42848
-6.25444
-13.26849
-13.81774
-13.68145
-17.46904
-5.56063
-0.25473
-12.43742
-1.263
-7.08223
-13.95118
-17.78644
-4.97283
-5.46166
-13.87344
-12.01131
-1.83516
-15.1698
-2.96201
-14.95398
-9.32891
-9.01862
-9.50239
-12.81727
-13.43943
-4.80321
-13.03782
-7.02152
-2.76049
-2.93338
-14.99127
-6.21472
-7.15898
-12.92428
-10.95383
-12.86797
-8.33283
-3.53471
-2.20494
-4.98918
-9.29789
-0.75428
-7.85018
-9.38616
-2.57807
-14.67678
-15.15819
-3.91424
-2.32973
-16.69005
-4.24645
-10.35969
-5.33292
-15.57055
-0.48577
-2.13695
-10.69249
-1.91954
-1.89134
-9.69745
-0.95606
-0.41657
-14.09017
-16.8
-12.0393
-9.20097
-16.33182
-15.46813
-0.50942
-4.72859
-2.25111
-0.51922
-11.1934
-5.61845
-14.6876
-8.06999
-14.22219
-15.11224
-16.22801
-7.56474
-0.90268
-15.80001
-8.95834
-5.63277
-9.07449
-1.58803
-15.00668
-17.56506
-11.10387
-8.0012
-13.41887
-14.9682
-3.51292
-14.60565
-10.03172
-0.81934
-6.97131
-9.04098
-11.5155
-8.63306
-4.78247
-3.19451
-6.30274
-3.77429
-16.40848
-17.74126
-4.7806
-13.28933
-2.20179
-8.35469
-9.38662
-4.08926
-4.66027
-5.32302
-5.58178
-8.72287
-1.32344
-1.96845
-12.07071
-3.5155
-1.96005
-6.87141
-7.99957
-5.90604
-15.06491
-16.42781
-3.2373
-7.68013
-15.79497
-10.50628
-12.63178
-2.2414
-8.87004
-7.60477
-13.76477
-3.61686
-1.25818
-3.7351
-9.12854
-2.9684
-14.61674
-15.95855
-10.11206
-14.73238
-13.33511
-7.4679
-10.72974
-2.41419
-13.93898
-0.05777
-11.53092
-8.72275
-15.61802
-7.57262
-0.69687
-4.51084
-13.60702
-10.03299
-10.3422
-16.23694
-2.0547
-11.13379
-9.10333
-12.75754
-15.25688
-1.76201
-17.32685
-10.80217
-4.84748
-12.44056
-9.97149
-7.83941
-0.08853
-4.35058
-0.59192
-5.52338
-13.15705
-12.8252
-3.19564
-10.30116
-11.33596
-0.98831
-17.7618
-8.5506
-4.04862
-4.74896
-11.38366
-8.35833
-17.89961
-8.37306
-7.37278
-2.25376
-14.20673
-3.14738
-5.0748
-6.01144
-10.90102
-11.38618
-5.3413
-0.17598
-10.70363
-1.4652
-7.44219
-2.37302
-14.09057
-4.27982
-2.97102
-3.02096
-3.8752
-12.52448
-8.6049
-12.60531
-11.82661
-12.57806
-12.88391
-5.51841
-6.29525
-14.32324
-5.55266
-12.76077
-14.36907
-4.54947
-11.46837
-7.75169
-14.39777
-6.95351
-14.25612
-14.99622
-11.04249
-3.77889
-14.82238
-15.89352
-17.43034
-10.51262
-12.92355
-12.74205
-0.32505
-14.50578
-9.74831
-0.24537
-17.44888
-5.46017
-11.32051
-1.69024
-1.58505
-11.03017
-14.01366
-10.29594
-0.62449
-12.93483
-0.33628
-3.25095
-13.18586
-3.76075
-17.10361
-8.13486
-11.56772
-10.31515
-9.48862
-8.95117
-6.18458
-5.45801
-0.43733
-4.26998
-5.61964
-10.93574
-15.87945
-16.94181
-9.40168
-5.97138
-6.29712
-0.84849
-11.11626
-6.69989
-2.01827
-10.7266
-9.40062
-1.38649
-8.09564
-3.60702
-1.15877
-7.72096
-16.03463
-3.2094
-3.27992
-15.93027
-8.13387
-9.23246
-2.75107
-13.0567
-10.327
-7.11376
-8.68959
-0.80938
-0.70817
-16.5317
-12.63875
-17.86437
-10.47851
-6.0815
-9.51687
-16.79073
-14.47279
-14.88076
-8.79969
-5.80176
-12.30614
-15.65172
-3.62524
-2.54949
-13.02321
-10.42654
-16.52524
-13.90145
-4.19399
-11.42644
-7.11554
-0.96868
-4.97452
-9.83786
-11.39615
-14.57051
-4.38948
-15.97635
-16.89491
-16.11308
-13.6277
-6.71178
-2.49606
-0.1328
-4.83329
-15.37241
-13.00131
-15.62424
-15.92007
-7.78081
-1.67898
-5.68213
-3.5883
-8.85426
-9.44422
-1.12528
-5.00464
-9.73186
-12.01352
-16.32371
-3.22231
-14.95217
-8.72972
-6.52897
-4.60659
-16.49982
-17.80765
-5.29185
-9.82096
-14.73956
-0.32351
-3.75563
-7.58676
-5.36207
-15.20958
-0.67995
-0.06539
-6.32798
-5.97037
-5.31975
-6.01585
-10.10627
-8.26783
-12.91093
-9.95674
-10.15014
-12.81347
-3.83931
-10.6259
-8.06912
-15.19037
-9.4506
-4.2938
-9.99854
-7.96066
-5.36928
-10.99844
-11.64091
-16.45664
-7.5191
-5.27475
-7.53746
-12.89654
-13.27794
-15.12922
